network_id	PKN_time	CARNIVAL_time	nodes	edges	n_components	clust_coeff	diameter	power_law_fit	longest_path_AMPK	longest_path_MTOR	longest_path_Perturbation	quantified_edges	significant_edges
Network97	2.53	2.35	24	80	1	0.212	4	0.09	3	3	3	30	23
Network98	1.79	1.51	21	53	1	0.212	4	0.071	3	3	3	18	18
Network99	2.47	1.66	24	80	1	0.212	4	0.09	3	3	3	30	23
Network100	1.76	1.54	21	53	1	0.212	4	0.071	3	3	3	18	18
Network101	2.71	1.56	24	80	1	0.212	4	0.09	3	3	3	30	23
Network102	1.84	1.55	21	53	1	0.212	4	0.071	3	3	3	18	18
Network103	2.65	1.69	24	80	1	0.212	4	0.09	3	3	3	30	23
Network104	1.94	1.49	21	53	1	0.212	4	0.071	3	3	3	18	18
Network105	2.08	NA	NA	NA	NA	NA	NA	NA	NA	NA	NA	NA	NA
Network106	1.71	NA	NA	NA	NA	NA	NA	NA	NA	NA	NA	NA	NA
Network107	2.08	NA	NA	NA	NA	NA	NA	NA	NA	NA	NA	NA	NA
Network108	1.57	NA	NA	NA	NA	NA	NA	NA	NA	NA	NA	NA	NA
Network109	2.22	NA	NA	NA	NA	NA	NA	NA	NA	NA	NA	NA	NA
Network110	1.65	NA	NA	NA	NA	NA	NA	NA	NA	NA	NA	NA	NA
Network111	2.27	NA	NA	NA	NA	NA	NA	NA	NA	NA	NA	NA	NA
Network112	1.69	NA	NA	NA	NA	NA	NA	NA	NA	NA	NA	NA	NA
Network113	17.02	1.9	35	67	1	0.099	5	0.074	3	4	5	22	15
Network114	12.5	1.61	23	46	1	0.161	4	0.052	3	3	4	15	15
Network115	17.52	2.15	35	67	1	0.099	5	0.074	3	4	5	22	15
Network116	12.98	1.52	23	46	1	0.161	4	0.052	3	3	4	15	15
Network117	18.74	2.03	35	67	1	0.099	5	0.074	3	4	5	22	15
Network118	13.55	1.74	23	46	1	0.161	4	0.052	3	3	4	15	15
Network119	18.98	1.88	35	67	1	0.099	5	0.074	3	4	5	22	15
Network120	13.42	1.57	23	46	1	0.161	4	0.052	3	3	4	15	15
Network121	16.59	1.53	23	30	1	0	2	0.134	2	2	1	10	8
Network122	12.11	1.36	21	21	1	0	2	0.061	2	2	1	7	7
Network123	16.74	1.88	23	30	1	0	2	0.134	2	2	1	10	8
Network124	12	1.27	21	21	1	0	2	0.061	2	2	1	7	7
Network125	17.22	1.41	23	30	1	0	2	0.134	2	2	1	10	8
Network126	12.61	1.28	21	21	1	0	2	0.061	2	2	1	7	7
Network127	17.65	1.94	23	30	1	0	2	0.134	2	2	1	10	8
Network128	12.72	1.4	21	21	1	0	2	0.061	2	2	1	7	7
Network129	12.72	1.55	30	77	1	0.159	5	0.064	3	3	3	20	16
Network130	6.77	1.44	24	36	1	0.147	5	0.105	1	4	3	10	8
Network131	13.01	1.73	30	77	1	0.159	5	0.064	3	3	3	20	16
Network132	7.8	1.31	24	36	1	0.147	5	0.105	1	4	3	10	8
Network133	13.95	1.61	30	77	1	0.159	5	0.064	3	3	3	20	16
Network134	7.46	1.34	24	36	1	0.147	5	0.105	1	4	3	10	8
Network135	14.25	1.76	30	77	1	0.159	5	0.064	3	3	3	20	16
Network136	7.83	1.23	24	36	1	0.147	5	0.105	1	4	3	10	8
Network137	12.52	1.49	30	67	1	0.133	3	0.066	3	3	3	18	14
Network138	6.63	1.41	22	27	1	0.112	3	0.119	2	3	2	7	5
Network139	12.53	1.64	30	67	1	0.133	3	0.066	3	3	3	18	14
Network140	6.79	1.53	22	27	1	0.112	3	0.119	2	3	2	7	5
Network141	13.46	1.59	30	67	1	0.133	3	0.066	3	3	3	18	14
Network142	7.38	1.39	22	28	1	0.11	3	0.123	2	3	2	7	5
Network143	13.75	1.45	30	67	1	0.133	3	0.066	3	3	3	18	14
Network144	7.55	1.51	22	28	1	0.11	3	0.123	2	3	2	7	5
Network145	2.1	2.22	23	63	1	0.227	4	0.122	2	3	3	25	19
Network146	1.74	2.1	21	49	1	0.212	4	0.054	1	3	3	17	17
Network147	2.2	2.07	23	63	1	0.227	4	0.122	2	3	3	25	19
Network148	1.77	2.15	21	49	1	0.212	4	0.054	1	3	3	17	17
Network149	2.32	2.12	23	63	1	0.227	4	0.122	2	3	3	25	19
Network150	1.77	1.94	21	49	1	0.212	4	0.054	1	3	3	17	17
Network151	2.55	1.96	23	63	1	0.227	4	0.122	2	3	3	25	19
Network152	1.8	2.01	21	49	1	0.212	4	0.054	1	3	3	17	17
Network153	1.95	NA	NA	NA	NA	NA	NA	NA	NA	NA	NA	NA	NA
Network154	1.45	NA	NA	NA	NA	NA	NA	NA	NA	NA	NA	NA	NA
Network155	2.09	NA	NA	NA	NA	NA	NA	NA	NA	NA	NA	NA	NA
Network156	1.44	NA	NA	NA	NA	NA	NA	NA	NA	NA	NA	NA	NA
Network157	2.08	NA	NA	NA	NA	NA	NA	NA	NA	NA	NA	NA	NA
Network158	1.52	NA	NA	NA	NA	NA	NA	NA	NA	NA	NA	NA	NA
Network159	2.12	NA	NA	NA	NA	NA	NA	NA	NA	NA	NA	NA	NA
Network160	1.56	NA	NA	NA	NA	NA	NA	NA	NA	NA	NA	NA	NA
Network161	16.19	2.53	37	92	1	0.119	6	0.057	3	4	5	34	21
Network162	12	2.14	22	51	1	0.196	4	0.043	1	3	3	17	17
Network163	16.56	2.6	37	92	1	0.119	6	0.057	3	4	5	34	21
Network164	12.3	2.23	22	51	1	0.196	4	0.043	1	3	3	17	17
Network165	17.7	2.68	37	92	1	0.119	6	0.057	3	4	5	34	21
Network166	12.92	2.05	22	51	1	0.196	4	0.043	1	3	3	17	17
Network167	18.18	2.48	37	92	1	0.119	6	0.057	3	4	5	34	21
Network168	12.97	2.15	22	51	1	0.196	4	0.043	1	3	3	17	17
Network169	15.95	NA	NA	NA	NA	NA	NA	NA	NA	NA	NA	NA	NA
Network170	12.51	NA	NA	NA	NA	NA	NA	NA	NA	NA	NA	NA	NA
Network171	16.12	NA	NA	NA	NA	NA	NA	NA	NA	NA	NA	NA	NA
Network172	11.76	NA	NA	NA	NA	NA	NA	NA	NA	NA	NA	NA	NA
Network173	17.18	NA	NA	NA	NA	NA	NA	NA	NA	NA	NA	NA	NA
Network174	12.37	NA	NA	NA	NA	NA	NA	NA	NA	NA	NA	NA	NA
Network175	17.39	NA	NA	NA	NA	NA	NA	NA	NA	NA	NA	NA	NA
Network176	12.75	NA	NA	NA	NA	NA	NA	NA	NA	NA	NA	NA	NA
Network177	12.55	2.25	30	68	1	0.164	5	0.118	3	3	3	18	15
Network178	6.69	2.39	25	46	1	0.15	5	0.07	1	4	3	16	14
Network179	13.06	2.26	30	68	1	0.164	5	0.118	3	3	3	18	15
Network180	6.9	1.94	25	46	1	0.15	5	0.07	1	4	3	16	14
Network181	13.83	2.24	30	68	1	0.164	5	0.118	3	3	3	18	15
Network182	7.58	2.21	26	54	1	0.185	4	0.113	1	3	3	18	16
Network183	14.29	2.09	30	68	1	0.164	5	0.118	3	3	3	18	15
Network184	7.72	2.14	26	54	1	0.185	4	0.113	1	3	3	18	16
Network185	12.36	2.18	30	67	1	0.133	3	0.066	3	3	3	18	14
Network186	6.53	2.13	22	27	1	0.112	3	0.119	2	3	2	7	5
Network187	12.94	2.16	30	67	1	0.133	3	0.066	3	3	3	18	14
Network188	6.68	2.02	22	27	1	0.112	3	0.119	2	3	2	7	5
Network189	13.21	2.42	30	67	1	0.133	3	0.066	3	3	3	18	14
Network190	7.28	2.39	22	27	1	0.112	3	0.119	2	3	2	7	5
Network191	13.65	2.32	30	67	1	0.133	3	0.066	3	3	3	18	14
Network192	7.45	2.19	22	27	1	0.112	3	0.119	2	3	2	7	5
Network273	3.07	2.1	46	115	1	0.101	6	0.074	5	4	4	28	16
Network274	2.18	1.74	33	57	1	0.112	8	0.052	2	5	4	18	11
Network275	3.35	2.86	49	124	1	0.093	6	0.062	5	4	4	29	17
Network276	2.27	1.75	35	59	1	0.107	8	0.057	2	5	4	18	11
Network277	3.55	2.27	47	116	1	0.107	6	0.072	5	4	4	29	17
Network278	2.39	1.72	39	106	1	0.111	8	0.09	4	5	6	31	20
Network279	3.53	2.86	50	125	1	0.107	6	0.059	5	4	4	29	17
Network280	2.56	1.87	42	112	1	0.11	8	0.077	4	5	6	31	20
Network281	2.98	1.71	42	55	1	0.027	3	0.063	2	3	2	19	13
Network282	2.04	1.28	27	30	1	0.034	3	0.045	2	3	2	14	11
Network283	3.04	1.63	42	55	1	0.027	3	0.063	2	3	2	19	13
Network284	2.07	1.42	27	30	1	0.034	3	0.045	2	3	2	14	11
Network285	3.06	1.42	44	59	1	0.025	3	0.095	2	3	2	20	14
Network286	2.13	1.69	27	30	1	0.034	3	0.045	2	3	2	14	11
Network287	3.18	1.47	44	59	1	0.025	3	0.095	2	3	2	20	14
Network288	2.34	1.44	27	30	1	0.034	3	0.045	2	3	2	14	11
Network289	3.15	3.67	49	168	1	0.106	8	0.097	7	4	4	51	29
Network290	2.2	2.35	33	56	1	0.113	8	0.054	2	5	4	18	11
Network291	3.42	4.48	52	182	1	0.096	8	0.09	7	4	4	52	30
Network292	2.23	2.57	35	58	1	0.109	8	0.061	2	5	4	18	11
Network293	3.33	3.53	50	151	1	0.112	6	0.076	5	4	4	48	26
Network294	2.36	2.47	39	117	1	0.106	8	0.127	4	5	6	37	22
Network295	3.65	4.17	53	161	1	0.109	6	0.074	5	4	4	48	26
Network296	2.42	2.83	42	134	1	0.106	8	0.078	4	5	6	40	24
Network297	2.89	2.48	42	55	1	0.027	3	0.063	2	3	2	19	13
Network298	2	2.2	27	30	1	0.034	3	0.045	2	3	2	14	11
Network299	2.98	2.47	42	55	1	0.027	3	0.063	2	3	2	19	13
Network300	2.09	2.18	27	30	1	0.034	3	0.045	2	3	2	14	11
Network301	3.14	2.17	44	59	1	0.025	3	0.095	2	3	2	20	14
Network302	2.11	2.29	27	30	1	0.034	3	0.045	2	3	2	14	11
Network303	3.1	2.25	44	59	1	0.025	3	0.095	2	3	2	20	14
Network304	2.18	2.11	27	30	1	0.034	3	0.045	2	3	2	14	11
Network353	3.9	25.23	98	287	1	0.103	11	0.039	10	5	1	50	31
Network354	2.52	4.48	69	140	1	0.108	9	0.061	7	7	1	33	20
Network355	4.09	20.92	97	249	1	0.1	11	0.085	6	7	1	46	31
Network356	2.77	4.92	71	142	1	0.106	9	0.061	7	7	1	33	20
Network357	4.33	28.97	98	281	1	0.107	11	0.066	10	5	1	50	31
Network358	3.03	NA	NA	NA	NA	NA	NA	NA	NA	NA	NA	NA	NA
Network359	4.4	28.09	101	277	1	0.106	11	0.063	10	6	1	49	31
Network360	3.07	6.5	77	155	1	0.117	10	0.059	7	9	1	37	23
Network361	3.69	7.07	97	187	1	0.02	5	0.066	4	4	1	35	19
Network362	2.45	3.05	77	109	1	0.036	6	0.075	5	5	1	29	18
Network363	3.74	16	106	215	1	0.018	5	0.072	4	4	1	39	21
Network364	2.54	3.76	77	109	1	0.036	6	0.075	5	5	1	29	18
Network365	3.93	7.25	100	193	1	0.022	5	0.082	4	5	1	35	19
Network366	2.68	3.24	85	126	1	0.038	6	0.041	5	5	1	31	19
Network367	4.08	18.04	107	220	1	0.02	5	0.093	4	4	1	39	21
Network368	2.73	4.43	86	128	1	0.038	6	0.04	5	5	1	31	19
Network369	3.88	39.29	102	365	1	0.108	11	0.065	6	5	1	66	37
Network370	2.67	6.88	69	154	1	0.121	14	0.077	12	7	1	37	22
Network371	4	29.73	99	276	1	0.105	14	0.077	8	7	1	57	34
Network372	2.77	7.1	72	158	1	0.117	14	0.073	12	7	1	37	22
Network373	4.44	43.68	105	383	1	0.109	11	0.066	10	5	1	75	46
Network374	2.92	NA	NA	NA	NA	NA	NA	NA	NA	NA	NA	NA	NA
Network375	4.87	41.56	107	366	1	0.107	11	0.053	10	6	1	82	52
Network376	3.14	9.33	78	170	1	0.126	14	0.074	12	9	1	41	25
Network377	3.6	8.79	98	205	1	0.022	5	0.074	4	4	1	38	20
Network378	2.36	4.61	77	116	1	0.034	5	0.055	4	5	1	30	19
Network379	3.77	18.19	107	236	1	0.018	5	0.092	4	4	1	42	22
Network380	2.7	4.73	78	118	1	0.033	5	0.052	4	5	1	30	19
Network381	4	9.13	101	211	1	0.024	5	0.078	4	5	1	38	20
Network382	2.79	5.15	85	133	1	0.036	5	0.041	4	5	1	32	20
Network383	4.09	19.94	108	241	1	0.02	5	0.095	4	4	1	42	22
Network384	2.74	6.24	87	136	1	0.035	5	0.031	4	5	1	32	20
Network433	4.38	91.44	122	418	1	0.072	16	0.05	1	7	2	86	48
Network434	2.97	13.02	102	217	1	0.086	12	0.072	7	8	10	50	28
Network435	4.62	105.59	136	476	1	0.076	13	0.072	10	6	6	87	50
Network436	3.18	14.74	106	240	1	0.104	14	0.089	7	7	9	58	35
Network437	4.94	114.55	122	422	1	0.081	19	0.07	1	6	11	80	49
Network438	3.42	14.34	104	232	1	0.061	16	0.081	9	8	9	56	33
Network439	5.12	143.07	136	480	1	0.08	16	0.08	10	6	5	87	51
Network440	3.53	14.18	111	273	1	0.088	11	0.084	8	7	6	67	41
Network441	4.07	26.57	123	270	1	0.019	6	0.08	5	4	1	59	31
Network442	2.73	9.1	117	183	1	0.027	6	0.033	5	6	2	57	32
Network443	4.12	29.47	124	273	1	0.019	6	0.078	5	5	1	58	30
Network444	3.14	NA	NA	NA	NA	NA	NA	NA	NA	NA	NA	NA	NA
Network445	4.29	27.53	122	272	1	0.02	6	0.081	5	5	1	58	30
Network446	3.3	6.65	116	182	1	0.027	6	0.036	5	6	3	58	33
Network447	4.47	38.77	125	278	1	0.02	6	0.059	5	5	1	57	30
Network448	3.23	9.03	124	200	1	0.031	7	0.062	5	6	5	61	35
Network449	4.4	146.79	133	646	1	0.088	11	0.078	7	6	10	150	87
Network450	3.2	17.21	104	237	1	0.083	13	0.096	7	8	10	58	30
Network451	4.4	116.71	138	517	1	0.078	11	0.062	6	6	6	98	54
Network452	3.25	22.19	113	319	1	0.112	12	0.072	7	7	9	78	45
Network453	4.97	126.21	127	511	1	0.09	12	0.051	1	6	1	115	67
Network454	3.31	17.95	107	251	1	0.062	16	0.083	9	8	9	64	35
Network455	5.01	151.94	143	613	1	0.084	11	0.083	6	6	9	130	79
Network456	3.63	22.89	115	335	1	0.093	11	0.065	7	6	6	85	51
Network457	4.12	31.14	126	313	1	0.019	6	0.093	5	4	1	66	34
Network458	2.81	11.97	118	196	1	0.026	6	0.065	5	6	2	58	32
Network459	4.13	37.5	129	317	1	0.019	6	0.102	5	5	1	65	33
Network460	2.96	NA	NA	NA	NA	NA	NA	NA	NA	NA	NA	NA	NA
Network461	4.5	33.16	125	314	1	0.02	6	0.094	5	5	1	65	33
Network462	3.23	12.34	120	210	1	0.025	6	0.067	5	6	3	63	35
Network463	4.43	43.23	130	325	1	0.02	6	0.084	5	5	1	64	33
Network464	3.4	19.89	132	256	1	0.029	7	0.044	5	6	2	70	40
Network513	16.85	2.61	49	118	1	0.095	6	0.067	5	4	4	30	18
Network514	12.29	1.79	34	58	1	0.107	8	0.05	2	5	4	18	11
Network515	16.72	2.86	50	122	1	0.09	6	0.074	5	4	4	30	18
Network516	12.58	1.85	34	58	1	0.107	8	0.05	2	5	4	18	11
Network517	17.89	2.43	60	141	1	0.078	7	0.121	6	4	5	33	22
Network518	13.2	1.74	41	72	1	0.094	8	0.073	2	5	6	21	15
Network519	18.02	2.88	61	147	1	0.083	7	0.098	6	4	5	33	22
Network520	13.46	1.78	41	72	1	0.094	8	0.073	2	5	6	21	15
Network521	16.43	1.6	48	91	1	0.086	4	0.102	4	3	2	23	17
Network522	12.84	1.54	31	41	1	0.107	3	0.06	2	3	2	15	12
Network523	16.6	1.66	48	91	1	0.086	4	0.102	4	3	2	23	17
Network524	12.48	1.64	31	41	1	0.107	3	0.06	2	3	2	15	12
Network525	17.54	1.77	50	97	1	0.08	4	0.113	4	3	2	24	18
Network526	12.86	1.56	31	41	1	0.107	3	0.06	2	3	2	15	12
Network527	18.56	1.79	50	97	1	0.08	4	0.113	4	3	2	24	18
Network528	13.11	1.52	31	41	1	0.107	3	0.06	2	3	2	15	12
Network529	16.55	4	53	180	1	0.116	8	0.103	7	4	4	53	31
Network530	12.32	2.51	34	57	1	0.108	8	0.053	2	5	4	18	11
Network531	16.95	4.96	54	190	1	0.109	8	0.093	7	4	4	53	31
Network532	12.86	2.48	34	57	1	0.108	8	0.053	2	5	4	18	11
Network533	17.96	3.69	58	142	1	0.076	7	0.088	5	4	4	36	25
Network534	13.19	2.44	41	94	1	0.087	8	0.104	4	5	6	30	19
Network535	18.41	3.73	59	148	1	0.082	7	0.107	5	4	4	36	25
Network536	13.42	2.91	41	94	1	0.087	8	0.104	4	5	6	30	19
Network537	16.31	2.68	47	85	1	0.094	4	0.084	4	3	2	22	16
Network538	12.07	1.97	31	40	1	0.108	3	0.06	2	3	2	15	12
Network539	16.66	2.55	47	85	1	0.094	4	0.084	4	3	2	22	16
Network540	12.4	2.14	31	40	1	0.108	3	0.06	2	3	2	15	12
Network541	17.62	3	49	91	1	0.086	4	0.075	4	3	2	23	17
Network542	13.2	2.14	31	40	1	0.108	3	0.06	2	3	2	15	12
Network543	18	2.5	49	91	1	0.086	4	0.075	4	3	2	23	17
Network544	13.14	2.39	31	40	1	0.108	3	0.06	2	3	2	15	12
Network593	17.17	14.32	86	218	1	0.096	12	0.061	10	5	1	42	26
Network594	12.96	3.55	62	109	1	0.099	8	0.064	6	7	1	30	18
Network595	17.9	11.86	85	211	1	0.083	11	0.069	10	6	1	41	26
Network596	13.15	3.83	63	111	1	0.098	8	0.065	6	7	1	30	18
Network597	19.09	15.98	86	215	1	0.103	12	0.07	10	5	1	42	26
Network598	15.09	4.35	64	113	1	0.097	8	0.071	6	7	1	31	19
Network599	19.63	12.86	87	213	1	0.099	12	0.066	10	6	1	41	26
Network600	14.07	4.89	67	116	1	0.083	10	0.066	8	7	1	32	19
Network601	17.36	5.64	91	186	1	0.018	4	0.065	4	3	2	34	22
Network602	12.5	2.39	73	109	1	0.041	6	0.052	6	4	1	29	19
Network603	17.08	13.41	97	219	1	0.033	4	0.08	4	3	1	41	25
Network604	12.89	2.58	73	109	1	0.041	6	0.052	6	4	1	29	19
Network605	18.28	NA	NA	NA	NA	NA	NA	NA	NA	NA	NA	NA	NA
Network606	13.28	2.81	76	115	1	0.039	6	0.068	6	4	1	30	20
Network607	18.77	13.81	97	222	1	0.034	4	0.059	4	3	1	41	25
Network608	13.68	3.25	80	120	1	0.039	6	0.064	6	4	1	30	20
Network609	17.2	24.3	90	297	1	0.108	11	0.097	6	5	1	58	32
Network610	12.89	5.77	63	124	1	0.104	16	0.06	14	7	1	34	20
Network611	17.84	19.37	88	266	1	0.099	11	0.053	7	6	1	57	30
Network612	13.19	5.85	65	140	1	0.101	15	0.06	13	7	1	37	21
Network613	19	26.67	93	317	1	0.109	13	0.064	12	5	1	67	41
Network614	13.94	6.4	65	128	1	0.102	15	0.065	13	7	1	35	21
Network615	19.47	20.47	93	293	1	0.106	13	0.052	12	6	1	67	40
Network616	14.12	7.07	69	133	1	0.087	17	0.054	15	7	1	36	21
Network617	17.27	6.85	92	191	1	0.031	5	0.093	4	4	1	36	21
Network618	12.69	3.77	73	113	1	0.055	6	0.038	5	5	1	30	19
Network619	17.36	15.14	98	229	1	0.041	5	0.11	4	4	1	43	24
Network620	12.82	3.75	74	115	1	0.053	6	0.032	5	5	1	30	19
Network621	18.47	NA	NA	NA	NA	NA	NA	NA	NA	NA	NA	NA	NA
Network622	13.15	4	76	120	1	0.053	6	0.055	5	5	1	31	20
Network623	18.57	15.46	98	232	1	0.042	5	0.099	4	4	1	43	24
Network624	14.46	4.6	81	127	1	0.05	6	0.037	5	5	1	31	20
Network673	17.48	51.3	98	277	1	0.101	13	0.062	1	7	2	65	39
Network674	13.42	9.59	93	167	1	0.054	12	0.071	7	9	11	44	26
Network675	18.09	49.56	108	315	1	0.089	14	0.101	10	7	6	68	40
Network676	13.96	8.36	93	183	1	0.102	11	0.057	7	8	10	44	26
Network677	19.23	87.28	109	338	1	0.081	12	0.094	1	6	2	72	43
Network678	14.01	10.62	92	172	1	0.05	11	0.071	9	9	10	44	26
Network679	19.47	44.95	108	307	1	0.094	13	0.084	10	5	5	61	37
Network680	14.71	9.12	94	189	1	0.09	15	0.073	8	8	7	44	26
Network681	17.7	22.27	106	241	1	0.03	5	0.056	4	4	1	53	31
Network682	12.88	6.83	105	155	1	0.037	6	0.068	4	6	3	42	29
Network683	17.68	21.75	106	241	1	0.03	5	0.056	4	4	1	53	31
Network684	13.44	7.19	108	163	1	0.038	7	0.047	4	6	3	44	30
Network685	18.68	23.68	106	244	1	0.031	5	0.075	4	4	1	53	31
Network686	13.71	4.52	102	153	1	0.038	6	0.065	4	6	3	43	30
Network687	19.06	22.88	106	244	1	0.031	5	0.075	4	4	1	53	31
Network688	14.22	6.02	110	168	1	0.038	7	0.04	5	6	5	45	31
Network689	17.48	61.81	101	334	1	0.105	12	0.047	8	7	2	92	59
Network690	13.48	13.38	96	189	1	0.055	11	0.053	7	8	10	52	28
Network691	18	57.64	111	356	1	0.092	13	0.115	5	5	6	78	43
Network692	13.86	14.59	101	264	1	0.1	13	0.079	6	8	10	65	37
Network693	19.1	100.08	113	383	1	0.087	15	0.095	1	6	12	90	55
Network694	14.22	14.81	96	193	1	0.051	11	0.051	9	8	9	52	28
Network695	19.57	62.03	113	408	1	0.1	10	0.093	5	5	8	99	63
Network696	14.44	15.08	99	228	1	0.088	13	0.053	8	6	7	54	33
Network697	17.18	NA	NA	NA	NA	NA	NA	NA	NA	NA	NA	NA	NA
Network698	14.27	9.14	106	167	1	0.045	6	0.045	5	6	4	43	28
Network699	17.54	25.51	112	288	1	0.033	6	0.076	5	4	1	60	33
Network700	13.38	12.36	112	207	1	0.047	7	0.078	5	6	4	50	33
Network701	18.61	27.93	111	290	1	0.034	6	0.083	5	4	1	60	33
Network702	13.9	9.83	106	184	1	0.043	6	0.071	5	6	3	49	32
Network703	19.08	28.03	113	295	1	0.033	6	0.079	5	4	1	60	33
Network704	14.19	15.81	119	234	1	0.043	8	0.083	5	6	2	56	37
Network753	22.91	133.87	96	337	1	0.076	16	0.051	13	9	9	53	36
Network754	15.41	5.32	60	116	1	0.069	12	0.086	4	11	10	20	16
Network755	23.5	147.5	83	227	1	0.08	10	0.051	8	6	7	46	35
Network756	15.94	6.63	62	144	1	0.086	11	0.117	4	7	6	26	18
Network757	25.69	100.76	98	339	1	0.074	13	0.101	13	7	9	54	37
Network758	17.47	5.23	60	117	1	0.068	12	0.075	4	11	10	20	16
Network759	26.36	164.11	86	231	1	0.088	12	0.081	10	8	7	47	36
Network760	17.99	7.52	62	145	1	0.085	11	0.098	4	7	6	26	18
Network761	22.68	6.84	44	89	1	0.098	5	0.092	3	4	4	16	13
Network762	15.43	2.24	30	57	1	0.104	4	0.095	3	3	4	14	14
Network763	23.1	7.8	46	93	1	0.097	5	0.086	3	4	4	16	13
Network764	15.98	2.48	30	57	1	0.104	4	0.095	3	3	4	14	14
Network765	25.01	6.79	44	89	1	0.098	5	0.092	3	4	4	16	13
Network766	16.9	2.33	30	57	1	0.104	4	0.095	3	3	4	14	14
Network767	25.89	11.43	47	95	1	0.096	5	0.098	3	4	4	16	13
Network768	17.64	2.41	31	59	1	0.101	4	0.08	3	3	4	14	14
Network769	22.88	144.21	99	383	1	0.091	11	0.079	9	7	5	66	42
Network770	15.7	7.6	61	137	1	0.082	12	0.141	1	11	10	28	21
Network771	23.51	142.58	92	309	1	0.091	11	0.138	9	6	6	57	43
Network772	16.7	8.69	61	142	1	0.078	12	0.109	1	7	6	31	23
Network773	25.53	97.38	102	407	1	0.092	12	0.075	9	8	5	68	44
Network774	18.12	8.21	61	138	1	0.081	12	0.108	1	11	10	28	21
Network775	26.17	150.69	94	331	1	0.1	9	0.057	8	5	6	62	42
Network776	18.05	10	61	143	1	0.077	12	0.109	1	7	6	31	23
Network777	22.59	8.5	44	89	1	0.098	5	0.092	3	4	4	16	13
Network778	15.34	3.27	30	57	1	0.104	4	0.095	3	3	4	14	14
Network779	23.25	9.29	46	93	1	0.097	5	0.086	3	4	4	16	13
Network780	15.84	3.32	30	57	1	0.104	4	0.095	3	3	4	14	14
Network781	25.32	8.7	44	89	1	0.098	5	0.092	3	4	4	16	13
Network782	17.07	3.33	30	57	1	0.104	4	0.095	3	3	4	14	14
Network783	26.09	13	47	95	1	0.096	5	0.098	3	4	4	16	13
Network784	17.68	3.28	31	59	1	0.101	4	0.08	3	3	4	14	14
Network833	23.77	61.98	109	391	1	0.09	14	0.043	2	6	5	65	40
Network834	15.89	7.59	72	156	1	0.068	13	0.097	4	12	11	33	19
Network835	24.18	61.6	113	398	1	0.077	11	0.071	1	7	6	70	42
Network836	16.41	6.15	65	145	1	0.096	10	0.083	3	7	8	37	18
Network837	26.24	55.48	113	415	1	0.085	13	0.049	2	6	5	68	40
Network838	17.5	8.17	73	163	1	0.067	13	0.071	4	12	11	33	19
Network839	27.08	65.07	111	364	1	0.08	11	0.057	1	7	5	65	37
Network840	18.57	6.68	65	146	1	0.095	10	0.088	3	7	8	37	18
Network841	23.3	9.47	67	153	1	0.081	6	0.079	3	5	5	30	19
Network842	15.95	3.76	50	86	1	0.082	5	0.067	2	4	5	20	14
Network843	23.82	16.46	69	160	1	0.08	5	0.066	3	4	5	30	19
Network844	16.32	3.75	50	88	1	0.082	5	0.082	2	4	5	20	14
Network845	25.65	10.53	76	189	1	0.1	9	0.112	4	6	5	39	27
Network846	17.51	2.93	50	87	1	0.108	7	0.068	2	6	5	20	15
Network847	26.66	18.03	79	202	1	0.097	9	0.078	4	6	5	39	27
Network848	17.98	4.37	52	93	1	0.101	7	0.061	2	6	5	20	15
Network849	23.44	73.07	118	523	1	0.097	13	0.111	2	6	5	104	63
Network850	15.95	NA	NA	NA	NA	NA	NA	NA	NA	NA	NA	NA	NA
Network851	24.56	74.87	117	490	1	0.093	11	0.103	1	6	9	97	59
Network852	16.82	9.96	69	189	1	0.094	10	0.073	8	7	8	51	31
Network853	26.64	69.19	117	510	1	0.102	13	0.056	2	6	5	95	54
Network854	17.84	11.26	74	199	1	0.084	12	0.112	2	7	8	44	25
Network855	27.48	78.14	118	519	1	0.095	11	0.065	1	6	9	105	62
Network856	18.69	10.17	69	192	1	0.094	10	0.094	8	7	8	51	31
Network857	22.96	10.84	67	162	1	0.099	10	0.108	6	5	5	32	20
Network858	15.74	4.39	50	84	1	0.084	5	0.082	2	4	5	19	14
Network859	23.84	18.89	69	169	1	0.097	9	0.092	5	4	5	32	20
Network860	16.3	4.2	50	86	1	0.084	5	0.096	2	4	5	19	14
Network861	25.86	12.6	76	214	1	0.117	10	0.064	6	6	5	54	35
Network862	17.53	3.93	50	87	1	0.108	7	0.068	2	6	5	20	15
Network863	26.52	22.42	80	235	1	0.112	10	0.068	5	6	5	55	36
Network864	18.3	5.6	52	93	1	0.101	7	0.061	2	6	5	20	15
Network913	24.56	134.9	120	419	1	0.086	11	0.076	1	5	1	77	47
Network914	16.24	8.92	82	179	1	0.08	17	0.086	13	8	1	44	25
Network915	25.31	95.1	114	386	1	0.085	11	0.041	2	6	1	81	51
Network916	17.04	8.27	78	164	1	0.09	10	0.061	8	7	1	39	21
Network917	27.44	153.15	121	417	1	0.09	11	0.082	1	8	1	76	46
Network918	18.25	9.31	82	180	1	0.08	17	0.091	13	8	1	44	25
Network919	28.17	80.06	112	371	1	0.091	12	0.047	2	6	1	80	49
Network920	19.4	10.32	76	163	1	0.084	21	0.087	12	13	12	51	28
Network921	23.82	11.18	94	219	1	0.08	12	0.07	6	5	6	34	22
Network922	16.36	6.38	80	149	1	0.058	8	0.078	7	6	1	32	21
Network923	24.44	16.36	102	236	1	0.078	12	0.066	6	5	6	34	22
Network924	16.72	6.7	80	153	1	0.058	8	0.073	7	6	1	32	21
Network925	26.63	10.18	94	215	1	0.088	12	0.078	6	5	6	34	22
Network926	18.2	6.1	79	143	1	0.059	7	0.085	7	6	1	31	21
Network927	27.53	17.72	101	239	1	0.094	12	0.113	6	5	6	34	20
Network928	18.85	8.63	89	163	1	0.056	10	0.085	7	6	1	33	22
Network929	24.28	230.24	122	479	1	0.104	14	0.074	9	8	1	100	65
Network930	16.19	14.06	83	225	1	0.087	15	0.072	7	8	1	61	35
Network931	24.61	125.96	115	488	1	0.099	10	0.055	6	5	1	123	77
Network932	17.03	NA	NA	NA	NA	NA	NA	NA	NA	NA	NA	NA	NA
Network933	27.03	221.4	123	464	1	0.104	14	0.062	1	8	1	92	57
Network934	18.22	14.9	83	226	1	0.087	15	0.068	7	8	1	61	35
Network935	27.99	95.25	116	478	1	0.1	10	0.052	2	5	1	116	70
Network936	19.05	14.59	77	198	1	0.083	14	0.089	12	9	12	59	35
Network937	24.36	15.42	96	232	1	0.086	12	0.073	6	5	1	41	23
Network938	16.36	8.57	80	153	1	0.06	8	0.084	7	6	1	34	22
Network939	24.68	21.97	104	258	1	0.083	12	0.093	6	5	1	42	24
Network940	16.62	8.38	80	157	1	0.059	8	0.077	7	6	1	34	22
Network941	26.58	15.26	96	242	1	0.092	12	0.089	6	5	1	42	23
Network942	17.97	8.39	79	147	1	0.061	8	0.053	7	6	1	33	22
Network943	27.43	22.1	102	271	1	0.098	12	0.065	6	5	1	43	22
Network944	18.86	13.24	89	177	1	0.064	10	0.085	7	6	1	35	23
Network993	24.48	666.23	122	415	1	0.069	17	0.065	1	9	11	84	45
Network994	16.48	21.59	106	231	1	0.087	11	0.057	7	8	10	52	28
Network995	25.64	382.28	146	566	1	0.083	16	0.042	10	5	5	106	60
Network996	17.26	19.27	105	259	1	0.106	14	0.101	6	7	9	60	35
Network997	27.51	371.59	142	504	1	0.073	24	0.092	23	7	14	99	58
Network998	18.51	21.12	106	212	1	0.049	21	0.082	10	12	11	46	29
Network999	28.59	210.06	153	584	1	0.084	16	0.056	10	5	5	109	62
Network1000	19.41	27.05	110	296	1	0.089	11	0.091	8	7	6	69	41
Network1001	23.94	39.84	121	308	1	0.092	10	0.061	8	7	4	51	34
Network1002	16.33	NA	NA	NA	NA	NA	NA	NA	NA	NA	NA	NA	NA
Network1003	24.99	43.57	127	355	1	0.101	9	0.078	7	6	5	53	36
Network1004	17.11	10.71	106	207	1	0.058	14	0.056	8	9	8	51	36
Network1005	27.35	43.08	123	312	1	0.095	12	0.065	8	7	4	51	34
Network1006	18.33	8.74	95	169	3	0.076	9	0.066	2	6	3	50	37
Network1007	28.01	42.17	126	331	1	0.091	12	0.075	7	6	4	51	34
Network1008	19.33	16.36	115	212	1	0.058	12	0.072	9	6	7	51	34
Network1009	24.63	676.51	133	548	1	0.083	14	0.074	1	5	8	117	66
Network1010	18.45	27.44	109	275	1	0.092	16	0.072	7	8	10	59	30
Network1011	25.2	430.7	152	734	1	0.097	10	0.073	6	5	5	152	89
Network1012	17.68	27.16	117	323	1	0.096	15	0.091	8	8	10	80	43
Network1013	27.23	425.83	145	652	1	0.083	11	0.085	6	5	5	137	81
Network1014	18.95	30.35	114	317	1	0.073	16	0.085	9	7	8	72	49
Network1015	28.01	252.72	153	736	1	0.098	10	0.074	8	5	5	146	81
Network1016	19.51	42.9	115	371	1	0.093	11	0.064	7	6	6	92	52
Network1017	24.06	60.19	124	378	1	0.096	14	0.082	6	6	6	62	37
Network1018	16.37	10.25	105	204	1	0.071	12	0.078	5	6	7	52	36
Network1019	24.8	54.83	125	409	1	0.107	14	0.081	6	6	5	65	39
Network1020	17.09	NA	NA	NA	NA	NA	NA	NA	NA	NA	NA	NA	NA
Network1021	26.94	80.6	126	402	1	0.1	13	0.097	6	6	1	68	40
Network1022	18.43	12.22	96	182	3	0.076	9	0.041	2	6	3	52	39
Network1023	27.82	63.83	129	415	1	0.095	13	0.09	6	6	1	68	40
Network1024	19.01	20.16	117	246	1	0.061	11	0.067	5	5	6	58	40
Network1073	28.81	627.86	89	228	1	0.068	12	0.086	6	8	6	47	32
Network1074	19.18	18.8	88	258	1	0.111	11	0.093	8	8	9	47	23
Network1075	29.72	422.06	85	196	1	0.06	13	0.084	11	8	11	46	31
Network1076	19.92	18.83	81	206	1	0.085	12	0.068	9	8	9	43	24
Network1077	32.62	618.75	80	181	1	0.087	11	0.074	6	11	6	42	30
Network1078	22.27	20.92	75	172	1	0.105	16	0.09	8	9	9	31	18
Network1079	34.34	623.81	80	178	1	0.065	13	0.071	11	9	11	45	29
Network1080	23.47	47.99	94	237	1	0.071	12	0.077	4	8	7	55	28
Network1081	28.45	24.4	68	164	1	0.059	12	0.067	4	5	5	32	22
Network1082	18.84	6.98	46	90	1	0.107	8	0.102	6	7	4	19	14
Network1083	29.13	44.96	71	172	1	0.057	12	0.061	4	4	5	32	22
Network1084	19.84	6.41	49	86	1	0.072	8	0.096	2	7	6	18	13
Network1085	31.76	24.59	68	164	1	0.059	12	0.067	4	5	5	32	22
Network1086	21.54	6.88	48	94	1	0.109	8	0.118	6	7	4	19	14
Network1087	32.58	47.15	70	170	1	0.058	12	0.066	4	4	5	32	22
Network1088	22.81	8.51	48	97	1	0.108	8	0.079	6	7	4	19	14
Network1089	28.69	667.17	102	350	1	0.077	12	0.081	11	7	10	74	48
Network1090	19.25	29.68	92	322	1	0.107	10	0.074	8	6	6	60	32
Network1091	30.01	864.85	112	400	1	0.076	10	0.044	8	6	8	90	54
Network1092	19.78	34.46	88	263	1	0.078	10	0.049	8	6	6	54	32
Network1093	32.62	806.76	109	425	1	0.092	11	0.086	7	7	8	97	57
Network1094	21.51	33.6	80	229	1	0.102	10	0.096	7	6	7	43	27
Network1095	33.97	737	121	563	1	0.084	9	0.097	6	6	6	122	66
Network1096	22.9	52.69	94	243	1	0.065	11	0.064	10	8	7	54	30
Network1097	29.2	29.89	73	177	1	0.059	11	0.053	7	6	5	33	23
Network1098	19.24	9.48	46	90	1	0.107	8	0.102	6	7	4	19	14
Network1099	29.15	43.94	75	184	1	0.058	11	0.071	7	6	5	33	23
Network1100	20.33	9.03	49	86	1	0.072	8	0.096	2	7	6	18	13
Network1101	32.41	30.21	73	177	1	0.059	11	0.053	7	6	5	33	23
Network1102	21.97	8.96	48	92	1	0.106	8	0.102	8	7	4	19	14
Network1103	33.33	45.32	75	184	1	0.058	11	0.071	7	6	5	33	23
Network1104	23.81	10.41	48	95	1	0.104	8	0.076	8	7	4	19	14
Network1153	29.76	790.98	110	404	1	0.085	15	0.063	2	6	5	79	44
Network1154	19.31	20.49	90	251	1	0.11	12	0.091	7	8	9	48	27
Network1155	30.8	426	118	477	1	0.086	11	0.066	2	6	5	95	54
Network1156	20.83	20.02	87	204	1	0.084	12	0.091	8	8	8	45	27
Network1157	33.1	673.73	120	465	1	0.092	13	0.069	1	6	8	90	47
Network1158	21.69	78.48	96	340	1	0.113	10	0.071	8	6	7	68	30
Network1159	34.24	688.99	109	376	1	0.094	13	0.064	1	6	11	80	46
Network1160	23.71	59.9	98	256	1	0.072	12	0.111	4	8	7	64	28
Network1161	29.67	62.95	93	274	1	0.068	11	0.063	8	5	6	49	29
Network1162	19.18	9.2	62	115	1	0.09	7	0.087	2	6	5	26	16
Network1163	29.89	48.51	89	253	1	0.059	15	0.08	7	5	8	46	28
Network1164	20.13	26.05	60	126	1	0.093	7	0.111	4	5	4	24	16
Network1165	32.62	65.35	85	245	1	0.07	11	0.037	8	5	5	48	30
Network1166	22.1	10.31	64	120	1	0.094	8	0.086	2	6	5	26	16
Network1167	33.59	42.52	84	253	1	0.069	11	0.089	8	4	5	53	35
Network1168	23.37	20.23	65	124	1	0.09	8	0.085	2	6	5	26	16
Network1169	30.01	835.33	119	533	1	0.091	11	0.058	2	5	4	115	56
Network1170	19.3	32.68	95	283	1	0.081	11	0.081	7	7	7	58	32
Network1171	30.72	455.21	126	631	1	0.091	10	0.061	2	5	4	133	69
Network1172	20.06	105.95	105	334	1	0.081	10	0.069	6	6	6	69	38
Network1173	33.46	688.93	125	515	1	0.091	15	0.074	1	6	6	98	52
Network1174	22.41	89.66	99	407	1	0.111	10	0.085	8	5	6	84	40
Network1175	34.99	736.62	130	636	1	0.105	10	0.086	1	6	7	145	73
Network1176	23.72	60.4	98	265	1	0.068	11	0.043	10	8	7	65	30
Network1177	29.16	29.09	75	167	1	0.1	9	0.058	8	7	4	29	19
Network1178	19.53	11.52	62	115	1	0.09	7	0.087	2	6	5	26	16
Network1179	30.14	23.47	68	123	1	0.049	16	0.087	15	9	15	28	17
Network1180	20.34	29.2	61	129	1	0.091	7	0.112	5	5	5	24	16
Network1181	32.49	32.53	82	211	1	0.088	11	0.056	9	6	7	39	26
Network1182	21.7	12.21	64	120	1	0.094	8	0.086	2	6	5	26	16
Network1183	34.12	53.86	85	235	1	0.084	11	0.08	9	6	7	46	33
Network1184	23.39	22.76	65	124	1	0.09	8	0.085	2	6	5	26	16
Network1233	29.9	679.79	130	510	1	0.08	13	0.078	2	6	8	95	52
Network1234	19.89	38.51	94	220	1	0.068	15	0.069	11	9	10	52	26
Network1235	33.65	677.65	131	491	1	0.076	12	0.062	1	5	11	100	55
Network1236	20.91	51.68	105	280	1	0.078	18	0.071	17	7	8	69	31
Network1237	33.39	485.58	123	460	1	0.097	15	0.108	1	6	10	102	56
Network1238	22.52	56.16	103	267	1	0.07	15	0.073	8	6	6	66	31
Network1239	34.93	749.26	129	456	1	0.089	12	0.064	2	6	1	95	57
Network1240	23.87	81.47	109	271	1	0.072	17	0.051	16	7	8	71	31
Network1241	29.6	77.4	114	305	1	0.059	16	0.052	9	8	1	55	35
Network1242	19.68	10.47	90	153	1	0.038	13	0.071	13	9	8	31	17
Network1243	30.64	94.14	106	218	1	0.049	10	0.031	7	8	9	42	28
Network1244	21.03	11.46	90	160	1	0.037	13	0.062	13	9	8	33	18
Network1245	33.7	26.46	98	194	1	0.055	11	0.085	9	7	1	34	19
Network1246	22.65	9.68	91	154	1	0.039	14	0.072	13	8	12	31	18
Network1247	34.49	27.27	104	200	1	0.052	11	0.084	9	6	1	34	22
Network1248	23.83	17.28	102	184	1	0.022	11	0.059	10	6	5	38	19
Network1249	30.31	762.24	134	681	1	0.094	11	0.085	7	6	5	149	83
Network1250	19.86	44.69	95	242	1	0.072	15	0.086	11	9	10	63	34
Network1251	31.08	835.88	145	721	1	0.09	10	0.086	7	6	5	156	88
Network1252	21.06	59.74	106	303	1	0.083	18	0.063	17	7	8	79	38
Network1253	34.05	513.57	133	555	1	0.094	15	0.08	1	6	10	121	69
Network1254	22.58	63.12	104	295	1	0.073	15	0.092	8	6	6	80	41
Network1255	35.35	1036.64	139	648	1	0.094	12	0.098	2	5	2	154	90
Network1256	23.92	78.27	107	260	1	0.065	18	0.041	17	7	8	71	34
Network1257	29.23	48.06	107	294	1	0.074	14	0.081	9	8	9	57	41
Network1258	19.54	13.77	94	177	1	0.032	19	0.086	13	9	13	39	22
Network1259	30.52	195.99	128	450	1	0.076	11	0.064	7	7	6	63	43
Network1260	20.76	14.98	94	186	1	0.031	19	0.049	13	9	13	41	23
Network1261	33.47	54.84	115	336	1	0.071	14	0.065	7	6	1	55	36
Network1262	22.18	13.9	96	181	1	0.035	18	0.052	13	8	12	39	23
Network1263	34.77	240.08	133	460	1	0.066	14	0.069	9	5	1	73	47
Network1264	24.59	29.89	104	241	1	0.026	14	0.102	8	7	8	47	28
Network1313	30.76	729.41	117	343	1	0.089	14	0.054	13	8	13	77	39
Network1314	20.17	32.17	101	186	1	0.068	18	0.063	12	15	17	48	30
Network1315	31.9	713.09	124	418	1	0.1	18	0.065	7	5	5	87	53
Network1316	21.1	27.16	105	234	1	0.096	14	0.084	12	10	12	59	36
Network1317	35.07	752.94	122	370	1	0.092	13	0.088	1	8	1	78	40
Network1318	22.91	57.6	107	215	1	0.048	21	0.085	10	12	11	46	29
Network1319	35.75	162.63	111	343	1	0.094	18	0.055	4	7	4	80	46
Network1320	25.12	45.15	111	259	1	0.084	14	0.075	8	10	9	62	38
Network1321	30.95	20.63	101	181	1	0.055	9	0.057	3	9	1	44	32
Network1322	20.07	10.36	103	170	1	0.03	11	0.039	2	10	9	41	26
Network1323	31.14	79.41	120	281	1	0.054	11	0.1	7	6	1	59	39
Network1324	21.18	15.26	114	203	1	0.039	9	0.063	9	7	6	45	31
Network1325	33.81	21.01	97	176	1	0.054	11	0.049	5	9	1	46	34
Network1326	22.96	9.5	106	177	1	0.029	11	0.05	2	9	8	42	27
Network1327	35	111.37	121	283	1	0.056	11	0.1	7	6	1	59	39
Network1328	24.24	34.36	125	232	1	0.038	12	0.079	10	8	7	48	31
Network1329	30.38	749.81	119	363	1	0.09	10	0.042	8	8	8	83	41
Network1330	20.13	41.78	106	237	1	0.076	15	0.07	10	8	10	56	32
Network1331	31.77	759	162	726	1	0.089	11	0.051	6	5	5	155	88
Network1332	21.32	83.55	117	340	1	0.091	11	0.076	7	7	9	86	47
Network1333	33.69	847.36	137	551	1	0.094	13	0.093	1	6	1	141	66
Network1334	23.26	56.24	114	266	1	0.065	18	0.066	10	7	8	62	45
Network1335	35.61	185.38	116	408	1	0.096	11	0.056	4	7	4	107	65
Network1336	24.44	66.82	117	322	1	0.081	13	0.063	8	6	7	77	47
Network1337	30.51	43.02	114	256	1	0.054	15	0.059	10	9	1	58	39
Network1338	20.26	14.75	109	210	1	0.027	17	0.058	10	9	8	53	34
Network1339	31.49	121.51	131	367	1	0.047	20	0.051	11	6	1	68	44
Network1340	21.37	36.08	123	275	1	0.044	10	0.099	9	6	6	58	38
Network1341	34.34	45.86	109	256	1	0.054	16	0.088	10	9	1	62	43
Network1342	23.3	14.75	112	228	1	0.026	18	0.056	10	9	8	55	36
Network1343	35.45	162.7	132	372	1	0.047	20	0.103	11	6	1	68	44
Network1344	24.63	63.82	136	314	1	0.04	13	0.078	9	7	6	61	38
Network1393	33.09	623.83	80	179	1	0.064	13	0.067	11	10	11	49	31
Network1394	22.75	56.94	85	209	1	0.075	13	0.098	9	8	7	45	24
Network1395	33.7	632.86	88	199	1	0.057	13	0.079	11	10	11	50	31
Network1396	23.81	77.86	88	215	1	0.066	12	0.087	10	8	7	47	27
Network1397	37.42	500.76	87	201	1	0.066	11	0.062	9	11	7	49	32
Network1398	26.53	90.81	99	209	1	0.054	21	0.066	18	11	2	47	30
Network1399	38.56	643.16	91	215	1	0.055	12	0.091	11	10	8	49	31
Network1400	27.96	337.24	102	234	1	0.068	13	0.046	4	8	8	48	26
Network1401	32.12	158.14	86	294	1	0.083	14	0.08	5	5	6	46	31
Network1402	22.53	12.23	58	109	1	0.034	11	0.08	2	6	6	21	13
Network1403	33.38	83.27	85	230	1	0.068	14	0.072	9	11	9	39	25
Network1404	23.27	13.66	68	149	1	0.07	13	0.09	4	11	12	30	18
Network1405	36.65	476.26	90	309	1	0.078	11	0.095	5	5	6	45	31
Network1406	27.58	19.56	72	158	1	0.064	16	0.075	4	5	4	29	15
Network1407	37.63	100.58	87	238	1	0.07	14	0.074	9	11	9	38	25
Network1408	26.65	23.76	72	164	1	0.068	16	0.109	13	11	12	30	18
Network1409	33.27	881.86	108	372	1	0.075	11	0.06	9	7	9	86	48
Network1410	22.51	69.2	88	247	1	0.078	12	0.086	9	6	5	58	35
Network1411	33.71	904.33	126	570	1	0.084	11	0.067	8	7	6	135	73
Network1412	22.82	95.27	92	247	1	0.065	11	0.062	10	6	5	56	36
Network1413	37.29	737.59	117	503	1	0.092	12	0.086	8	6	7	116	71
Network1414	26.37	114.28	109	280	1	0.071	20	0.104	11	8	11	64	42
Network1415	38.04	1112.15	117	437	1	0.079	16	0.082	16	7	9	91	53
Network1416	27.33	341.15	109	278	1	0.066	14	0.047	4	8	7	58	35
Network1417	33.95	170.61	92	325	1	0.081	12	0.089	5	5	6	48	32
Network1418	22.37	14.08	56	99	1	0.031	12	0.091	2	6	6	21	13
Network1419	33.03	96.29	86	235	1	0.068	17	0.098	11	10	11	41	26
Network1420	23.3	14.27	59	106	1	0.082	16	0.116	2	11	12	21	14
Network1421	36.53	489.32	90	326	1	0.085	13	0.059	11	5	8	45	33
Network1422	25.94	16.77	69	135	1	0.066	11	0.097	4	7	8	26	14
Network1423	36.96	110.28	92	267	1	0.065	14	0.099	11	8	11	40	27
Network1424	26.53	24.01	62	114	1	0.078	16	0.096	2	11	12	21	14
Network1473	33.62	634.79	92	254	1	0.079	10	0.068	1	9	1	55	30
Network1474	23.09	220.78	94	223	1	0.072	16	0.073	9	12	14	55	29
Network1475	34.47	684.59	100	284	1	0.07	14	0.074	1	9	1	64	36
Network1476	24.13	165.36	96	208	1	0.058	15	0.06	11	6	9	51	33
Network1477	37.93	962.61	113	433	1	0.093	14	0.029	1	6	5	95	51
Network1478	26.46	393.26	99	226	1	0.077	17	0.087	4	10	11	54	26
Network1479	38.58	470.68	122	427	1	0.086	12	0.057	1	6	5	88	46
Network1480	27.41	640.32	100	215	1	0.057	15	0.07	12	6	9	52	34
Network1481	32.91	64.91	85	222	1	0.061	13	0.075	11	8	11	34	18
Network1482	22.55	19	75	144	1	0.066	17	0.085	10	10	11	32	18
Network1483	33.62	147.77	97	267	1	0.067	12	0.11	9	8	9	51	33
Network1484	23.54	24.63	89	185	1	0.042	21	0.09	4	8	11	30	13
Network1485	37.4	63.39	88	241	1	0.073	15	0.085	11	8	11	40	25
Network1486	26.04	30.99	83	185	1	0.058	14	0.059	9	6	5	35	16
Network1487	38.4	63.07	98	279	1	0.079	15	0.063	10	12	10	42	28
Network1488	27.4	51.46	93	215	1	0.066	18	0.089	10	8	9	37	18
Network1489	33.42	771.91	110	456	1	0.109	12	0.027	1	6	1	107	56
Network1490	22.49	238.55	97	277	1	0.078	12	0.083	6	6	8	74	41
Network1491	34.55	1258.25	133	630	1	0.099	11	0.07	1	6	7	149	75
Network1492	23.4	268.64	103	306	1	0.076	13	0.056	8	9	4	84	50
Network1493	37.98	956.42	105	465	1	0.12	12	0.06	1	5	6	136	73
Network1494	26.74	408.29	104	291	1	0.084	16	0.095	10	9	10	75	38
Network1495	38.86	1077.76	123	553	1	0.094	12	0.075	1	5	6	145	72
Network1496	27.27	778.32	108	312	1	0.073	13	0.049	9	9	4	85	51
Network1497	32.86	58.21	80	191	1	0.071	14	0.075	11	10	11	37	22
Network1498	22.35	40.81	83	201	1	0.082	13	0.073	7	6	5	43	22
Network1499	33.84	170.82	100	303	1	0.078	12	0.093	9	8	9	64	39
Network1500	24.14	22.23	83	164	1	0.045	14	0.069	7	8	9	33	13
Network1501	36.93	69.43	89	264	1	0.089	12	0.084	9	8	9	52	30
Network1502	25.9	32.52	81	152	1	0.042	18	0.059	10	12	11	31	14
Network1503	38.24	77.57	99	299	1	0.076	14	0.086	8	11	12	45	29
Network1504	27.3	48.62	86	171	1	0.063	15	0.048	8	7	8	34	18
Network1553	34.14	692.58	89	205	1	0.074	12	0.114	2	7	2	49	31
Network1554	23.49	58.26	99	219	1	0.057	24	0.028	12	7	8	56	29
Network1555	35.25	703.33	136	516	1	0.088	14	0.079	1	7	10	101	57
Network1556	23.68	74.87	99	221	1	0.061	19	0.086	12	7	8	56	29
Network1557	40.28	700.63	139	536	1	0.087	14	0.06	2	6	10	101	53
Network1558	26.86	140.41	105	248	1	0.065	18	0.05	12	7	8	64	34
Network1559	39.78	724.55	150	574	1	0.085	14	0.075	1	7	9	113	62
Network1560	27.54	342.04	101	229	1	0.063	19	0.084	12	7	8	59	32
Network1561	33.36	75.48	114	257	1	0.046	17	0.043	8	9	1	50	33
Network1562	22.69	32.91	100	189	1	0.029	15	0.089	9	7	7	35	20
Network1563	35.15	62.21	93	175	1	0.084	9	0.053	1	7	1	28	20
Network1564	23.98	26.4	95	174	1	0.046	16	0.076	10	8	8	34	19
Network1565	38.24	84.8	118	272	1	0.045	16	0.075	8	7	1	55	33
Network1566	26.99	55.6	111	230	1	0.048	20	0.078	11	7	9	43	21
Network1567	41.36	67.05	98	181	1	0.063	16	0.044	9	9	9	28	19
Network1568	28.21	49.15	97	177	1	0.045	16	0.079	10	8	8	35	20
Network1569	34.55	953.57	132	517	1	0.07	11	0.075	7	6	1	110	54
Network1570	22.68	79.46	107	300	1	0.071	15	0.085	8	6	6	79	47
Network1571	34.82	1211.85	150	729	1	0.095	11	0.078	7	6	5	164	88
Network1572	24.06	102	110	281	1	0.068	17	0.064	9	6	6	74	45
Network1573	38.37	957.47	149	725	1	0.095	11	0.081	2	6	5	148	77
Network1574	26.44	176.94	118	378	1	0.082	14	0.071	8	6	8	95	55
Network1575	39.54	1022.09	158	761	1	0.096	11	0.067	1	6	5	169	94
Network1576	28.17	373.04	112	290	1	0.07	17	0.079	10	6	6	77	48
Network1577	33.78	84.43	108	284	1	0.064	14	0.067	7	8	9	60	40
Network1578	22.7	39.96	101	222	1	0.04	19	0.079	6	7	8	47	27
Network1579	34.47	104.52	115	348	1	0.099	11	0.11	9	6	7	58	39
Network1580	24.19	32.35	96	197	1	0.051	16	0.066	7	8	7	43	24
Network1581	37.66	96.64	115	325	1	0.066	13	0.065	8	7	8	74	44
Network1582	26.76	60.29	110	245	1	0.056	19	0.056	6	7	7	50	26
Network1583	39.43	228.68	126	411	1	0.082	15	0.068	8	6	7	55	39
Network1584	27.94	56.19	98	200	1	0.052	16	0.049	7	8	7	44	25
Network1633	34.59	688.48	131	492	1	0.081	15	0.087	1	8	8	102	53
Network1634	23.19	444.41	114	237	1	0.048	18	0.074	9	12	11	60	37
Network1635	35.28	721.36	112	330	1	0.098	12	0.055	4	7	4	76	46
Network1636	25.17	626.58	119	267	1	0.09	15	0.068	12	9	11	63	37
Network1637	38.98	359.65	146	555	1	0.081	16	0.069	1	8	11	108	57
Network1638	27.32	516.15	112	225	1	0.048	20	0.046	13	11	11	56	32
Network1639	39.39	279.84	113	334	1	0.1	12	0.055	4	7	4	77	47
Network1640	29.11	502.03	127	290	1	0.076	17	0.067	15	12	14	73	45
Network1641	34.63	64.29	97	184	1	0.059	19	0.058	12	9	1	44	33
Network1642	23.32	14.03	110	180	1	0.041	17	0.059	13	8	12	42	24
Network1643	35.03	149.64	104	206	1	0.098	9	0.062	4	7	1	35	27
Network1644	24.42	24.09	119	202	1	0.071	24	0.059	18	12	16	41	29
Network1645	38.24	69.61	117	277	1	0.05	9	0.076	7	7	1	64	44
Network1646	27.06	35.26	120	238	1	0.055	14	0.074	8	7	7	56	29
Network1647	39.46	162.75	129	290	1	0.052	10	0.036	9	9	1	57	39
Network1648	28.65	34.29	119	210	1	0.048	15	0.092	4	9	10	37	28
Network1649	34.49	978.13	137	575	1	0.085	11	0.087	7	6	7	130	72
Network1650	23.66	618.16	131	385	1	0.06	14	0.076	6	5	6	96	58
Network1651	35.34	756.34	115	394	1	0.105	11	0.061	8	7	8	105	66
Network1652	25	723.12	128	333	1	0.083	13	0.068	8	11	13	79	47
Network1653	38.79	388.54	146	597	1	0.089	11	0.096	1	6	5	125	68
Network1654	27.32	579.01	119	311	1	0.057	13	0.074	7	9	8	76	49
Network1655	39.4	314.41	117	385	1	0.106	11	0.067	4	7	4	97	59
Network1656	28.69	683.9	142	403	1	0.075	16	0.07	7	8	8	97	62
Network1657	33.63	99.93	109	262	1	0.061	17	0.098	10	9	1	55	37
Network1658	23.36	21.31	113	208	1	0.049	15	0.067	7	6	10	47	27
Network1659	34.94	189.93	118	306	1	0.094	11	0.079	4	7	1	44	32
Network1660	24.63	80.49	145	343	1	0.065	16	0.057	6	7	9	70	48
Network1661	38.72	154.47	130	404	1	0.068	11	0.061	7	7	1	86	54
Network1662	26.9	55.98	131	308	1	0.057	22	0.081	6	11	7	71	37
Network1663	39.55	267.68	138	384	1	0.058	17	0.058	8	7	1	67	42
Network1664	28.78	48.09	127	261	1	0.045	13	0.075	9	9	8	47	33
Network1713	31.68	2.2	48	113	1	0.124	7	0.134	4	4	4	31	18
Network1714	13.59	1.72	33	56	1	0.1	7	0.078	1	4	4	19	11
Network1715	32.2	2.17	48	113	1	0.124	7	0.134	4	4	4	31	18
Network1716	13.75	1.54	33	56	1	0.1	7	0.078	1	4	4	19	11
Network1717	35.64	2.11	51	119	1	0.13	7	0.113	4	4	4	32	19
Network1718	14.7	1.54	33	56	1	0.1	7	0.078	1	4	4	19	11
Network1719	36.19	2.41	51	119	1	0.13	7	0.113	4	4	4	32	19
Network1720	14.96	1.81	33	56	1	0.1	7	0.078	1	4	4	19	11
Network1721	31.25	1.99	48	110	1	0.118	5	0.054	3	3	3	30	20
Network1722	13.24	1.58	33	43	1	0.025	3	0.064	3	3	2	15	8
Network1723	31.66	2.13	48	110	1	0.118	5	0.054	3	3	3	30	20
Network1724	13.63	1.38	33	43	1	0.025	3	0.064	3	3	2	15	8
Network1725	34.91	1.95	50	114	1	0.124	5	0.073	3	3	3	30	20
Network1726	14.46	1.72	33	44	1	0.025	3	0.06	3	3	2	15	8
Network1727	36.12	1.84	50	114	1	0.124	5	0.073	3	3	3	30	20
Network1728	14.71	1.51	33	44	1	0.025	3	0.06	3	3	2	15	8
Network1729	31.23	3.49	49	132	1	0.131	6	0.14	6	3	4	39	26
Network1730	13.47	2.33	34	66	1	0.104	7	0.084	1	4	4	25	17
Network1731	32.48	3.69	49	132	1	0.131	6	0.14	6	3	4	39	26
Network1732	13.75	2.5	34	66	1	0.104	7	0.084	1	4	4	25	17
Network1733	35.84	3.43	52	126	1	0.137	6	0.069	5	3	4	36	23
Network1734	14.69	2.54	34	66	1	0.104	7	0.084	1	4	4	25	17
Network1735	36.39	3.33	52	126	1	0.137	6	0.069	5	3	4	36	23
Network1736	14.93	2.52	34	66	1	0.104	7	0.084	1	4	4	25	17
Network1737	31.49	2.84	48	109	1	0.12	5	0.057	3	3	3	30	20
Network1738	13.45	2.21	33	43	1	0.025	3	0.064	3	3	2	15	8
Network1739	32.02	2.65	48	109	1	0.12	5	0.057	3	3	3	30	20
Network1740	13.43	2.32	33	43	1	0.025	3	0.064	3	3	2	15	8
Network1741	35.32	3.09	50	113	1	0.126	5	0.075	3	3	3	30	20
Network1742	14.46	2.09	33	43	1	0.025	3	0.064	3	3	2	15	8
Network1743	36.2	2.9	50	113	1	0.126	5	0.075	3	3	3	30	20
Network1744	14.73	2.37	33	43	1	0.025	3	0.064	3	3	2	15	8
Network1793	51.82	8.39	74	177	1	0.093	9	0.081	9	7	5	41	31
Network1794	28.59	3.12	47	67	2	0.079	5	0.085	4	3	1	21	14
Network1795	52.86	10.09	74	178	1	0.085	9	0.068	9	6	5	43	31
Network1796	29	3	58	95	1	0.076	8	0.067	6	7	1	28	18
Network1797	56.88	11.37	71	168	1	0.088	8	0.074	6	7	6	42	31
Network1798	31.94	3.25	59	116	1	0.075	8	0.049	6	7	1	37	23
Network1799	58.09	13.15	74	182	1	0.093	8	0.054	6	7	6	43	32
Network1800	32.11	4.29	64	116	1	0.09	8	0.052	5	7	1	32	19
Network1801	51.74	3.68	68	136	1	0.044	6	0.05	5	5	5	28	20
Network1802	28.14	2.32	62	88	1	0.022	5	0.094	4	5	1	23	13
Network1803	52.52	3.63	68	136	1	0.044	6	0.05	5	5	5	28	20
Network1804	28.77	2.41	62	88	1	0.022	5	0.094	4	5	1	23	13
Network1805	56.46	4.19	69	142	1	0.045	6	0.058	5	5	5	28	20
Network1806	31.54	2.73	65	96	1	0.034	6	0.082	4	5	1	24	14
Network1807	57.81	4.12	69	142	1	0.045	6	0.058	5	5	5	28	20
Network1808	32.13	3.13	69	107	1	0.033	6	0.071	4	5	1	24	14
Network1809	51.91	24.86	86	289	1	0.125	10	0.059	10	6	6	57	40
Network1810	28.47	4.44	49	75	2	0.076	6	0.106	4	3	1	26	15
Network1811	53.04	31.2	87	294	1	0.116	10	0.079	10	6	6	59	40
Network1812	29.07	4.81	60	108	1	0.084	8	0.062	6	6	1	33	23
Network1813	56.87	17.82	77	257	1	0.097	9	0.056	7	4	7	67	41
Network1814	31.98	4.93	61	129	1	0.083	8	0.041	6	6	1	42	28
Network1815	58.31	18.67	79	270	1	0.104	9	0.044	7	4	5	68	42
Network1816	32.59	6.18	66	128	1	0.097	8	0.073	5	6	1	37	24
Network1817	51.81	4.76	68	132	1	0.046	6	0.086	5	5	5	27	19
Network1818	27.8	2.76	62	84	1	0.023	5	0.083	3	5	1	22	12
Network1819	52.55	5.02	68	132	1	0.046	6	0.086	5	5	5	27	19
Network1820	28.85	3.31	62	84	1	0.023	5	0.083	3	5	1	22	12
Network1821	56.53	5.67	69	137	1	0.047	6	0.091	5	5	5	27	19
Network1822	31.54	3.56	65	92	1	0.035	6	0.092	3	5	1	23	13
Network1823	57.87	5.6	69	137	1	0.047	6	0.091	5	5	5	27	19
Network1824	32.18	4.19	69	103	1	0.035	6	0.08	3	5	1	23	13
Network1873	53.35	15.82	75	183	1	0.092	9	0.06	9	7	5	44	31
Network1874	34.81	5.23	77	154	1	0.072	12	0.036	10	7	9	45	23
Network1875	54.5	16.41	79	196	1	0.098	9	0.075	9	7	5	44	31
Network1876	35.57	5.73	74	134	1	0.072	10	0.071	7	7	3	40	20
Network1877	58.45	15.35	73	179	1	0.094	9	0.073	9	7	5	45	32
Network1878	38.72	6.36	75	145	1	0.053	11	0.091	7	5	5	38	19
Network1879	59.05	20.17	71	175	1	0.094	9	0.068	9	5	5	44	31
Network1880	39.04	NA	NA	NA	NA	NA	NA	NA	NA	NA	NA	NA	NA
Network1881	53.22	5.03	75	139	1	0.046	8	0.075	4	4	4	39	26
Network1882	35.2	3.31	76	113	1	0.033	8	0.068	8	5	6	27	14
Network1883	54.08	4.61	73	158	1	0.06	7	0.069	5	5	7	32	25
Network1884	35.22	2.82	73	103	1	0.018	10	0.066	10	6	1	29	16
Network1885	57.34	4.89	74	139	1	0.051	8	0.085	4	4	3	37	25
Network1886	38.02	4.03	74	115	1	0.032	6	0.067	3	5	3	29	16
Network1887	59.44	5.14	74	154	1	0.055	8	0.083	5	5	7	32	25
Network1888	40.06	5.77	78	121	1	0.031	6	0.045	5	5	3	29	16
Network1889	53.18	39.41	89	323	1	0.12	10	0.061	9	5	5	69	43
Network1890	34.4	7.65	79	166	1	0.079	12	0.048	10	6	8	49	27
Network1891	54.4	46.03	93	337	1	0.12	10	0.052	9	5	5	69	43
Network1892	35.42	8.14	77	141	1	0.071	10	0.062	4	8	2	41	23
Network1893	58.47	44.67	88	318	1	0.116	11	0.067	10	5	6	68	43
Network1894	38.52	NA	NA	NA	NA	NA	NA	NA	NA	NA	NA	NA	NA
Network1895	59.95	49.71	86	317	1	0.12	10	0.055	9	5	5	66	41
Network1896	39.53	11.3	85	210	1	0.114	12	0.075	11	6	1	53	30
Network1897	53.49	6.11	75	139	1	0.046	8	0.075	4	4	4	39	26
Network1898	34.44	4.12	76	109	1	0.034	8	0.051	8	5	6	26	13
Network1899	54.07	5.81	73	157	1	0.06	7	0.073	5	5	7	32	25
Network1900	35.24	3.69	73	101	1	0.018	10	0.039	10	6	1	29	16
Network1901	58.18	6.85	74	138	1	0.051	8	0.085	4	4	3	37	25
Network1902	38.01	5.12	74	110	1	0.034	6	0.09	3	5	3	28	15
Network1903	59.36	7	74	154	1	0.055	8	0.083	5	5	7	32	25
Network1904	38.55	6.75	78	116	1	0.033	6	0.079	5	5	3	28	15
Network1953	15.5	33.63	70	233	1	0.124	9	0.063	4	5	3	43	30
Network1954	7.84	3.07	40	98	1	0.139	8	0.087	1	4	3	20	15
Network1955	15.97	34.32	71	233	1	0.128	9	0.087	3	5	4	43	30
Network1956	8.05	3.19	41	97	1	0.143	9	0.089	1	4	4	20	15
Network1957	17.52	34.47	70	234	1	0.124	9	0.065	4	5	3	43	30
Network1958	9.05	2.99	40	98	1	0.139	8	0.087	1	4	3	20	15
Network1959	18.23	35.75	71	233	1	0.128	9	0.087	3	5	4	43	30
Network1960	9.42	2.85	42	100	1	0.136	9	0.075	1	4	4	20	15
Network1961	15.68	5.87	53	112	1	0.061	5	0.048	4	4	5	21	15
Network1962	7.81	2.26	35	62	1	0.082	5	0.062	0	4	3	13	10
Network1963	15.48	6.29	55	116	1	0.06	5	0.097	4	4	5	21	15
Network1964	7.7	2.16	37	64	1	0.078	5	0.061	0	4	3	13	10
Network1965	16.91	6.04	53	112	1	0.061	5	0.048	4	4	5	21	15
Network1966	8.78	2.25	36	67	1	0.088	5	0.055	0	4	3	14	11
Network1967	17.37	9.87	56	118	1	0.059	5	0.091	4	4	5	21	15
Network1968	8.94	2.29	39	72	1	0.078	5	0.084	0	4	3	14	11
Network1969	15.53	26.92	75	291	1	0.119	9	0.081	5	5	5	63	41
Network1970	7.76	4.74	42	119	1	0.123	8	0.087	4	3	3	31	24
Network1971	15.96	26.78	76	291	1	0.121	9	0.074	5	5	5	63	41
Network1972	8.15	4.78	43	118	1	0.126	9	0.094	5	4	4	31	24
Network1973	17.55	26.94	75	294	1	0.118	9	0.085	5	5	5	63	41
Network1974	9.16	4.47	42	119	1	0.123	8	0.087	4	3	3	31	24
Network1975	17.82	29.03	76	294	1	0.12	9	0.098	5	5	5	63	41
Network1976	9.38	4.46	44	118	1	0.12	9	0.088	5	4	4	30	24
Network1977	15.59	7.75	53	112	1	0.061	5	0.048	4	4	5	21	15
Network1978	7.62	3.04	36	65	1	0.078	5	0.042	0	4	3	14	11
Network1979	15.88	7.71	55	116	1	0.06	5	0.097	4	4	5	21	15
Network1980	7.76	3.21	38	67	1	0.074	5	0.046	0	4	3	14	11
Network1981	16.98	7.84	53	112	1	0.061	5	0.048	4	4	5	21	15
Network1982	8.57	3.36	36	68	1	0.087	5	0.044	0	4	3	14	11
Network1983	17.49	11.22	56	118	1	0.059	5	0.091	4	4	5	21	15
Network1984	8.96	3.21	39	73	1	0.077	5	0.067	0	4	3	14	11
Network2033	38.24	28.34	72	211	1	0.1	12	0.054	3	6	3	43	24
Network2034	15.52	3.6	44	108	1	0.143	9	0.103	1	4	4	32	15
Network2035	39.36	32.75	75	223	1	0.098	12	0.072	3	6	3	43	24
Network2036	16	3.96	46	112	1	0.14	9	0.083	1	4	4	32	15
Network2037	43.69	28.4	72	212	1	0.102	12	0.054	3	6	3	43	24
Network2038	17.44	3.69	44	108	1	0.143	9	0.103	1	4	4	32	15
Network2039	44.73	33.75	75	224	1	0.1	12	0.072	3	6	3	43	24
Network2040	18.19	3.94	46	112	1	0.14	9	0.083	1	4	4	32	15
Network2041	37.92	5.91	61	138	1	0.081	7	0.069	4	4	5	30	18
Network2042	15.36	2.61	42	67	1	0.039	7	0.077	3	4	4	19	11
Network2043	38.61	6.57	65	160	1	0.099	7	0.1	4	4	5	31	19
Network2044	15.86	2.52	42	69	1	0.039	7	0.076	3	4	4	19	11
Network2045	43.05	5.98	57	137	1	0.112	7	0.054	0	4	5	28	17
Network2046	17.12	2.49	42	68	1	0.039	7	0.094	3	4	4	19	11
Network2047	44.3	7.94	61	148	1	0.107	7	0.06	0	4	5	28	17
Network2048	17.42	2.71	42	70	1	0.039	7	0.07	3	4	4	19	11
Network2049	38.12	51.03	79	298	1	0.097	10	0.046	10	5	10	63	33
Network2050	15.15	4.97	47	128	1	0.129	9	0.102	5	4	4	42	22
Network2051	39.38	70.04	82	311	1	0.094	10	0.045	10	5	10	63	33
Network2052	16.58	5.72	49	136	1	0.127	9	0.087	5	4	4	44	22
Network2053	43.63	53.19	79	300	1	0.098	10	0.056	10	5	10	63	33
Network2054	17.04	5.55	47	128	1	0.129	9	0.102	5	4	4	42	22
Network2055	44.84	74.91	82	313	1	0.095	10	0.053	10	5	10	63	33
Network2056	18.95	6.02	49	136	1	0.127	9	0.087	5	4	4	44	22
Network2057	38.11	7.75	60	146	1	0.098	7	0.071	4	4	5	32	20
Network2058	15.18	3.25	42	67	1	0.039	7	0.077	3	4	4	19	11
Network2059	39.04	8.76	64	162	1	0.114	7	0.062	5	4	5	32	20
Network2060	15.56	3.48	42	69	1	0.039	7	0.076	3	4	4	19	11
Network2061	43.01	8.36	59	170	1	0.124	7	0.099	0	4	5	33	21
Network2062	16.78	3.49	42	67	1	0.039	7	0.077	3	4	4	19	11
Network2063	44.61	13.06	63	182	1	0.118	7	0.069	0	4	5	33	21
Network2064	17.45	3.58	42	69	1	0.039	7	0.076	3	4	4	19	11
Network2113	60.87	110.14	99	334	1	0.093	13	0.049	1	6	5	71	43
Network2114	32.23	NA	NA	NA	NA	NA	NA	NA	NA	NA	NA	NA	NA
Network2115	62.19	60.87	103	344	1	0.089	11	0.056	1	6	5	74	46
Network2116	32.69	8.53	69	146	1	0.072	8	0.097	4	7	1	35	20
Network2117	67.4	115.22	98	328	1	0.099	14	0.05	1	6	5	66	40
Network2118	36.87	8.25	74	172	1	0.084	15	0.072	13	7	11	39	23
Network2119	69.82	65.18	97	319	1	0.101	12	0.041	1	6	5	69	42
Network2120	37.54	8.23	74	159	1	0.077	14	0.079	13	13	13	46	26
Network2121	59.94	28.49	94	259	1	0.095	9	0.065	4	7	6	41	27
Network2122	31.51	4.45	67	118	1	0.078	7	0.096	3	5	1	27	17
Network2123	61.9	21.83	95	264	1	0.096	9	0.08	4	7	6	42	28
Network2124	32.35	4.37	67	122	1	0.081	7	0.09	3	5	1	27	17
Network2125	67.1	18.78	88	223	1	0.078	15	0.075	14	7	12	41	30
Network2126	36.14	4.44	71	126	1	0.08	9	0.083	7	5	1	29	19
Network2127	69.07	25.34	88	230	1	0.077	15	0.082	14	6	12	41	30
Network2128	37.24	5.84	78	137	1	0.077	10	0.105	10	5	1	30	19
Network2129	60.87	122.76	103	378	1	0.092	12	0.037	1	6	5	91	55
Network2130	31.73	9.81	73	172	1	0.087	13	0.077	3	7	1	43	27
Network2131	62.23	70	103	379	1	0.093	10	0.043	1	6	5	94	58
Network2132	33.03	10.24	69	141	1	0.086	8	0.09	3	7	1	34	22
Network2133	67.72	121.69	101	363	1	0.097	13	0.031	1	6	5	86	52
Network2134	36.43	11.3	76	182	1	0.089	15	0.077	13	7	11	44	28
Network2135	69.62	74.46	103	393	1	0.098	11	0.048	1	6	5	94	55
Network2136	37.27	10.32	72	142	1	0.074	14	0.066	13	11	13	42	27
Network2137	60.71	32.14	93	251	1	0.099	9	0.101	4	7	6	40	26
Network2138	31.67	5.72	67	114	1	0.073	7	0.112	3	5	1	26	16
Network2139	62.14	26.1	95	262	1	0.099	14	0.084	11	7	6	41	27
Network2140	32.5	6.18	67	118	1	0.076	7	0.099	3	5	1	26	16
Network2141	67.44	21.57	88	220	1	0.079	15	0.085	14	7	12	41	30
Network2142	37.96	6	71	122	1	0.075	9	0.097	6	5	1	28	18
Network2143	69.3	31.79	87	225	1	0.08	15	0.048	14	6	12	41	30
Network2144	37.37	8.02	78	136	1	0.079	10	0.095	10	5	1	29	18
Network2193	62.18	96.42	108	384	1	0.082	14	0.071	1	8	5	66	39
Network2194	38.81	11.08	95	219	1	0.076	16	0.07	14	8	12	50	25
Network2195	63.65	73.15	115	420	1	0.097	10	0.059	4	6	5	78	45
Network2196	39.51	10.07	85	188	1	0.12	14	0.063	10	7	9	48	24
Network2197	69.31	82.2	108	375	1	0.08	15	0.06	14	8	5	70	44
Network2198	42.97	11.36	91	213	1	0.07	16	0.072	4	8	9	50	25
Network2199	71.1	65.41	104	364	1	0.101	9	0.058	4	6	5	73	41
Network2200	44.56	15.51	97	255	1	0.106	12	0.071	10	7	1	59	32
Network2201	61.94	29.01	98	260	1	0.095	9	0.065	7	7	6	45	29
Network2202	38.29	6.24	90	168	1	0.068	11	0.074	9	5	1	45	23
Network2203	63.33	26.74	104	281	1	0.096	11	0.098	10	7	6	46	31
Network2204	39.42	5.24	87	171	1	0.072	11	0.072	11	6	1	37	24
Network2205	68.61	32.24	102	274	1	0.094	9	0.052	7	7	6	45	29
Network2206	42.94	5.4	82	141	1	0.08	6	0.058	3	5	5	38	24
Network2207	70.7	30.2	104	286	1	0.096	11	0.091	10	7	6	46	31
Network2208	44.25	NA	NA	NA	NA	NA	NA	NA	NA	NA	NA	NA	NA
Network2209	62.15	169.15	102	396	1	0.092	11	0.053	1	8	7	78	46
Network2210	38.44	13.76	97	232	1	0.08	16	0.06	14	8	12	54	29
Network2211	63.67	90.53	121	518	1	0.102	13	0.071	4	6	5	108	64
Network2212	39.66	13.1	88	202	1	0.1	12	0.102	10	6	9	52	29
Network2213	69.09	93.82	123	494	1	0.08	15	0.054	12	7	9	99	61
Network2214	43.14	15.27	93	226	1	0.074	16	0.055	3	8	9	54	29
Network2215	71.53	82.37	115	472	1	0.104	12	0.06	4	6	5	99	55
Network2216	44.31	19.13	99	266	1	0.109	12	0.059	11	7	1	64	37
Network2217	61.93	34.66	98	252	1	0.101	9	0.073	7	7	6	44	28
Network2218	38.22	7.03	89	153	1	0.067	11	0.087	9	5	1	40	19
Network2219	63.03	28.97	106	282	1	0.095	11	0.103	10	7	6	45	30
Network2220	39.39	NA	NA	NA	NA	NA	NA	NA	NA	NA	NA	NA	NA
Network2221	68.5	40	101	264	1	0.098	9	0.062	7	7	6	44	28
Network2222	43.1	6.7	81	125	1	0.081	6	0.092	3	5	5	33	20
Network2223	71.16	31.57	104	278	1	0.1	11	0.089	10	7	6	45	30
Network2224	44.15	9.86	89	151	1	0.074	11	0.11	11	5	6	36	20
Network2273	18.21	183.11	85	264	1	0.085	12	0.062	5	5	5	50	28
Network2274	8.98	5.43	51	110	1	0.14	11	0.066	4	6	5	28	13
Network2275	18.99	152.52	85	265	1	0.079	12	0.079	5	5	5	50	28
Network2276	9.71	7.32	53	100	1	0.138	7	0.067	4	6	5	22	15
Network2277	20.21	219.04	87	285	1	0.092	10	0.073	6	5	6	51	28
Network2278	10.63	8.24	56	133	1	0.134	10	0.113	4	4	5	23	15
Network2279	21.15	116.69	87	307	1	0.101	11	0.066	6	5	6	55	30
Network2280	10.95	13.31	65	166	1	0.134	10	0.068	4	6	5	32	18
Network2281	18.21	15.02	70	146	1	0.052	7	0.052	4	5	5	26	17
Network2282	8.55	3.72	47	77	1	0.101	7	0.08	0	6	5	17	11
Network2283	18.16	28.08	73	153	1	0.05	7	0.037	4	4	5	26	17
Network2284	8.92	4.9	51	87	1	0.085	7	0.066	0	6	5	18	12
Network2285	20.09	15.49	70	145	1	0.052	7	0.049	4	5	5	26	17
Network2286	10.18	4.06	51	87	1	0.097	7	0.072	0	6	5	18	11
Network2287	20.53	27.96	69	144	1	0.052	8	0.042	4	4	5	24	16
Network2288	10.89	7.09	55	97	1	0.077	7	0.067	0	6	5	19	12
Network2289	18.01	107.53	90	340	1	0.102	10	0.049	7	7	7	70	43
Network2290	9.09	9.05	55	139	1	0.124	11	0.084	6	6	5	41	21
Network2291	18.68	183.14	91	346	1	0.102	10	0.07	6	6	6	71	43
Network2292	9.39	12.28	56	122	1	0.126	9	0.093	7	6	5	32	23
Network2293	20.48	125.55	92	348	1	0.105	12	0.064	9	7	9	67	41
Network2294	10.6	11.83	59	156	1	0.124	8	0.084	5	4	5	34	24
Network2295	20.94	173.4	82	296	1	0.131	9	0.095	3	5	3	53	34
Network2296	11.11	18.52	68	193	1	0.127	11	0.081	7	6	5	42	26
Network2297	17.73	17.83	70	147	1	0.051	7	0.055	4	5	5	26	17
Network2298	8.57	5.8	47	76	1	0.104	7	0.087	0	6	5	17	11
Network2299	18.22	30.98	72	152	1	0.05	7	0.085	4	5	5	26	17
Network2300	8.81	6.37	51	86	1	0.087	7	0.072	0	6	5	18	12
Network2301	19.8	18.53	70	146	1	0.051	7	0.058	4	5	5	26	17
Network2302	10.44	5.48	51	84	1	0.095	7	0.081	0	6	5	18	11
Network2303	20.59	27.97	68	144	1	0.052	8	0.092	4	4	5	24	16
Network2304	10.67	NA	NA	NA	NA	NA	NA	NA	NA	NA	NA	NA	NA
Network2353	43.34	172.03	91	286	1	0.079	16	0.061	2	6	16	64	33
Network2354	17.87	7.11	57	128	1	0.123	11	0.045	4	5	5	37	15
Network2355	44.14	154.99	97	328	1	0.088	13	0.11	2	5	11	73	37
Network2356	17.98	9.18	57	123	1	0.125	7	0.059	4	5	4	35	16
Network2357	49.45	53.75	84	253	1	0.084	16	0.067	2	6	2	58	28
Network2358	19.4	8.24	58	132	1	0.122	9	0.045	4	5	5	37	15
Network2359	51.12	85.13	90	300	1	0.093	13	0.111	2	5	2	67	32
Network2360	20.76	9.95	60	132	1	0.126	10	0.075	4	5	4	35	16
Network2361	42.78	16.73	78	183	1	0.049	14	0.093	9	5	5	40	22
Network2362	17.1	4.15	48	82	1	0.067	8	0.083	3	5	4	23	12
Network2363	43.54	25.57	83	229	1	0.054	14	0.067	9	5	5	44	24
Network2364	17.59	4.4	48	83	1	0.05	8	0.085	3	5	4	23	12
Network2365	48.43	23.31	75	168	1	0.06	10	0.073	5	6	7	41	25
Network2366	19.3	4.13	50	87	1	0.068	8	0.077	3	5	4	23	12
Network2367	50.38	29.73	81	202	1	0.061	10	0.08	6	6	7	45	27
Network2368	20.02	5.46	50	88	1	0.052	8	0.079	3	5	4	23	12
Network2369	43.42	187.49	94	320	1	0.082	14	0.053	2	6	11	77	40
Network2370	17.37	10.72	61	158	1	0.111	11	0.068	6	5	5	50	23
Network2371	44.55	171.69	99	361	1	0.089	14	0.071	2	5	9	86	44
Network2372	17.61	14.36	61	152	1	0.113	8	0.059	6	5	4	48	24
Network2373	49.61	70.74	88	293	1	0.086	14	0.056	2	6	10	72	36
Network2374	20.12	13.14	62	162	1	0.11	10	0.066	6	5	5	50	23
Network2375	50.55	105.63	93	339	1	0.093	14	0.071	2	5	8	81	40
Network2376	20.42	15.5	64	165	1	0.114	10	0.059	6	5	4	48	24
Network2377	42.78	34.89	87	205	1	0.049	11	0.076	10	5	4	44	21
Network2378	17.04	5.06	48	81	1	0.068	8	0.087	3	5	4	23	12
Network2379	44.09	21.42	71	145	1	0.073	10	0.068	5	5	6	34	19
Network2380	17.61	6.02	48	82	1	0.051	8	0.098	3	5	4	23	12
Network2381	49.15	38.15	86	198	1	0.051	13	0.067	13	5	6	44	25
Network2382	19.35	5.62	50	84	1	0.065	8	0.085	3	5	4	23	12
Network2383	49.79	25.54	69	139	1	0.082	7	0.112	5	6	7	37	23
Network2384	20.21	7.06	48	79	1	0.05	8	0.086	2	5	4	21	11
Network2433	66.61	375.75	115	432	1	0.068	10	0.082	8	6	6	83	44
Network2434	34.9	16.88	83	213	1	0.1	14	0.083	8	6	7	51	25
Network2435	68.76	153.38	80	202	1	0.066	12	0.067	5	10	5	53	36
Network2436	36.29	19.81	79	168	1	0.104	15	0.083	8	9	9	42	21
Network2437	75.58	77.39	78	182	1	0.056	12	0.07	6	8	6	49	32
Network2438	40.45	27.63	92	250	1	0.078	11	0.081	4	5	5	59	28
Network2439	77.67	105.5	80	188	1	0.055	12	0.06	6	8	6	49	32
Network2440	42.98	34.44	92	204	1	0.063	12	0.073	4	7	8	48	24
Network2441	67.51	15.63	77	155	1	0.028	10	0.073	4	8	4	41	29
Network2442	35.1	8.79	81	137	1	0.029	8	0.071	7	6	3	35	18
Network2443	68.61	50.46	100	302	2	0.061	11	0.083	9	7	9	56	37
Network2444	35.99	9.88	81	142	1	0.032	8	0.075	7	6	3	35	18
Network2445	75.07	63.5	103	328	1	0.063	17	0.052	9	6	10	60	40
Network2446	40.33	10.06	81	138	1	0.029	8	0.068	7	6	3	35	18
Network2447	77.06	46.78	104	323	1	0.056	12	0.077	5	6	4	59	39
Network2448	41.82	11.9	86	152	1	0.029	10	0.062	10	6	3	36	17
Network2449	67.22	281.46	115	498	1	0.082	10	0.083	8	5	5	97	53
Network2450	34.8	20.91	85	222	1	0.1	14	0.071	8	7	8	55	29
Network2451	68.97	209.19	90	333	1	0.083	13	0.078	11	8	11	90	55
Network2452	36.77	27.08	83	193	1	0.118	13	0.077	8	9	9	46	25
Network2453	75.76	316.22	116	521	1	0.087	12	0.086	6	6	5	126	61
Network2454	40.52	32.73	93	260	1	0.08	11	0.074	4	5	6	64	33
Network2455	77.47	217.09	101	361	1	0.068	9	0.079	7	7	5	108	55
Network2456	43.05	37.18	92	208	1	0.071	14	0.076	4	8	9	51	29
Network2457	67.07	19.99	77	154	1	0.029	10	0.127	4	8	4	41	29
Network2458	34.94	11.33	81	134	1	0.03	8	0.07	7	6	2	34	17
Network2459	68.53	60.44	99	269	2	0.047	12	0.072	6	7	6	51	34
Network2460	35.83	12.2	81	139	1	0.033	8	0.075	7	6	2	34	17
Network2461	74.69	63.3	103	316	1	0.063	12	0.078	9	6	10	58	39
Network2462	39.72	12.26	81	135	1	0.029	8	0.064	7	6	2	34	17
Network2463	76.97	53.34	101	307	1	0.058	7	0.066	6	6	4	57	38
Network2464	41.42	13.32	84	141	1	0.032	9	0.071	5	6	2	33	16
Network2513	68.32	783.45	119	480	1	0.071	10	0.08	9	6	7	98	53
Network2514	41.83	19.5	94	225	1	0.095	14	0.057	9	6	9	55	25
Network2515	70.5	103.04	102	326	1	0.101	16	0.045	4	8	4	72	43
Network2516	43.64	23.01	95	218	1	0.114	15	0.056	9	7	9	50	25
Network2517	76.61	770.67	107	350	1	0.093	16	0.053	15	8	12	72	38
Network2518	47.52	47.96	107	290	1	0.073	17	0.061	4	5	5	64	29
Network2519	78.29	84.68	91	281	1	0.104	11	0.041	4	7	4	63	38
Network2520	49.91	26.54	98	236	1	0.087	17	0.087	10	8	7	57	31
Network2521	68.53	17.77	78	153	1	0.026	10	0.092	4	8	4	41	29
Network2522	41.59	8.1	74	125	1	0.065	8	0.08	3	6	5	32	18
Network2523	70.27	22.01	82	183	1	0.037	11	0.108	4	8	4	41	30
Network2524	43.48	11.6	86	167	1	0.062	13	0.077	10	6	8	38	22
Network2525	76.46	26.2	83	178	1	0.032	9	0.075	4	8	4	49	33
Network2526	47.88	7.68	77	129	1	0.066	8	0.062	3	6	5	33	19
Network2527	78.94	25.31	82	173	1	0.042	11	0.095	4	8	4	41	30
Network2528	48.93	13.38	96	169	1	0.026	10	0.049	10	8	7	40	22
Network2529	68.23	694.92	124	569	1	0.081	11	0.077	8	6	6	127	71
Network2530	42.21	23.33	96	235	1	0.095	12	0.049	9	7	9	59	29
Network2531	70.7	132.31	108	391	1	0.098	16	0.052	4	7	9	97	58
Network2532	45.35	28.4	98	231	1	0.093	12	0.104	10	6	9	54	30
Network2533	77.22	795.91	112	425	1	0.091	14	0.058	11	8	9	99	55
Network2534	47.16	57.18	108	301	1	0.075	17	0.072	4	5	6	69	34
Network2535	78.91	103.37	94	303	1	0.102	11	0.063	4	7	4	72	45
Network2536	49.85	32.96	100	248	1	0.091	18	0.119	10	11	10	63	37
Network2537	68.63	23.29	78	151	1	0.027	10	0.077	4	8	4	41	29
Network2538	41.69	12.39	86	147	1	0.026	8	0.059	3	6	5	36	18
Network2539	69.89	26.85	82	183	1	0.037	11	0.108	4	8	4	41	30
Network2540	43.1	16.51	96	182	1	0.041	13	0.071	10	6	8	41	21
Network2541	75.49	31.24	83	175	1	0.033	9	0.046	4	8	4	49	33
Network2542	46.63	12.51	91	159	1	0.038	8	0.068	5	6	5	36	18
Network2543	78.47	28.22	82	173	1	0.042	11	0.095	4	8	4	41	30
Network2544	49.39	19.08	101	175	1	0.03	12	0.07	12	6	5	40	19
Network2593	19.43	307.04	89	333	1	0.103	14	0.066	1	6	1	55	33
Network2594	9.68	14.09	64	146	1	0.082	14	0.076	4	10	10	34	16
Network2595	20.3	119.58	92	331	1	0.104	15	0.057	1	6	1	57	34
Network2596	10.08	35.03	71	164	1	0.075	12	0.049	4	6	5	38	20
Network2597	21.44	55.31	74	224	1	0.111	11	0.081	1	7	7	42	26
Network2598	11.86	18.73	67	154	1	0.08	14	0.055	4	9	10	35	16
Network2599	23.03	110.47	89	326	1	0.104	13	0.05	1	6	1	58	34
Network2600	12.09	38.3	73	170	1	0.075	13	0.053	4	6	5	39	20
Network2601	19.02	37.47	83	195	1	0.049	8	0.075	8	6	4	31	21
Network2602	9.41	5.6	56	94	1	0.072	7	0.059	0	7	6	19	13
Network2603	19.56	41.47	76	159	1	0.074	9	0.081	9	6	5	25	17
Network2604	9.86	7.88	64	117	1	0.052	12	0.091	9	6	7	27	18
Network2605	21.43	41.23	82	197	1	0.043	8	0.086	6	5	4	34	21
Network2606	11.51	6.38	58	98	1	0.077	7	0.043	0	7	6	19	13
Network2607	22.02	38.72	74	159	1	0.088	7	0.086	6	5	5	23	16
Network2608	12.2	8.57	64	113	1	0.061	12	0.06	9	6	7	23	13
Network2609	19.43	304.71	90	348	1	0.11	14	0.067	1	6	1	61	39
Network2610	9.64	21.71	70	179	1	0.081	15	0.085	4	6	5	41	22
Network2611	20.61	117.68	97	352	1	0.106	14	0.053	1	6	1	63	40
Network2612	10.15	36.7	72	170	1	0.08	12	0.082	4	6	5	42	25
Network2613	21.64	66.55	75	232	1	0.117	12	0.064	1	7	7	47	31
Network2614	12.05	29.12	73	213	1	0.086	12	0.115	4	5	5	48	25
Network2615	23.36	124.66	91	338	1	0.108	13	0.068	1	6	1	64	40
Network2616	12.06	37.78	73	174	1	0.082	13	0.082	4	6	7	42	25
Network2617	18.96	23.86	76	154	1	0.071	8	0.069	8	7	4	25	17
Network2618	9.44	7.24	56	91	1	0.075	7	0.072	0	7	6	19	13
Network2619	19.57	47.34	76	156	1	0.07	9	0.093	9	6	5	25	17
Network2620	9.83	9.9	64	117	1	0.052	12	0.09	9	6	7	27	18
Network2621	21.45	21.28	71	137	1	0.081	7	0.094	6	6	2	28	17
Network2622	11.54	8.77	58	93	1	0.074	7	0.065	0	7	6	19	13
Network2623	22	44.19	74	158	1	0.084	8	0.088	8	5	5	24	16
Network2624	11.91	10.83	63	102	1	0.052	12	0.06	9	6	7	21	13
Network2673	45.98	505.64	96	364	1	0.101	13	0.047	1	6	1	74	41
Network2674	18.31	18.26	70	160	1	0.075	14	0.064	4	10	10	41	19
Network2675	46.7	246.49	100	379	1	0.099	13	0.053	1	6	1	81	45
Network2676	19.05	41.45	77	178	1	0.069	12	0.04	4	6	5	45	23
Network2677	52.97	106.78	87	261	1	0.09	13	0.06	1	7	9	62	32
Network2678	22.05	22.66	73	168	1	0.073	14	0.047	4	9	10	42	19
Network2679	53.94	240	97	337	1	0.101	13	0.066	1	7	9	80	40
Network2680	22.3	49.63	78	182	1	0.071	13	0.059	4	6	5	46	23
Network2681	44.87	58.9	102	318	1	0.08	11	0.082	8	5	5	58	37
Network2682	18.42	7.07	58	113	1	0.072	7	0.11	3	6	5	28	15
Network2683	46.7	32.93	79	187	1	0.051	14	0.068	0	8	0	40	21
Network2684	19.01	7.78	59	105	1	0.073	11	0.093	11	6	7	27	15
Network2685	52.6	25.18	71	146	1	0.066	13	0.092	2	7	2	41	24
Network2686	21.81	7.58	58	122	1	0.082	9	0.083	5	5	5	25	12
Network2687	53.24	64.65	85	215	1	0.066	10	0.062	7	6	7	45	27
Network2688	22.03	8.27	61	114	1	0.072	11	0.073	11	7	8	26	14
Network2689	46.88	519.18	98	413	1	0.107	13	0.059	1	5	1	96	58
Network2690	18.66	32.48	76	194	1	0.074	15	0.07	4	6	5	49	25
Network2691	46.44	260.44	103	414	1	0.099	13	0.044	1	5	1	96	55
Network2692	19.25	45.77	78	184	1	0.073	12	0.067	4	6	5	49	28
Network2693	53.11	121.03	92	302	1	0.092	13	0.075	1	7	8	76	40
Network2694	22.23	39.97	79	229	1	0.079	12	0.095	4	5	5	57	29
Network2695	54.56	273.2	101	377	1	0.101	13	0.062	1	7	8	94	48
Network2696	22.38	48.93	79	188	1	0.075	13	0.06	4	6	7	49	28
Network2697	45.39	34.46	77	150	1	0.036	8	0.076	4	7	4	37	22
Network2698	18.39	9.82	58	109	1	0.074	7	0.113	3	6	5	28	15
Network2699	47.02	34.37	74	154	1	0.093	14	0.04	0	8	0	34	18
Network2700	19.15	10.53	59	103	1	0.074	11	0.088	11	6	7	27	15
Network2701	52.31	35	81	182	1	0.054	14	0.089	14	5	14	45	24
Network2702	21.18	10.2	58	116	1	0.081	9	0.088	5	5	5	25	12
Network2703	53.47	56.68	73	148	1	0.089	8	0.079	7	6	7	37	23
Network2704	21.96	10.32	61	105	1	0.069	11	0.098	11	7	8	26	14
Network2753	71.47	518.08	79	194	1	0.067	12	0.076	5	10	5	51	34
Network2754	37.94	22.42	83	194	1	0.067	16	0.055	9	11	10	51	27
Network2755	72.8	678.97	108	387	1	0.087	11	0.043	1	6	5	85	50
Network2756	37.95	38.92	88	209	1	0.062	14	0.063	10	8	7	54	30
Network2757	80.32	274.66	82	193	1	0.05	13	0.051	13	8	13	51	33
Network2758	44.06	69.78	93	224	1	0.068	15	0.058	4	9	10	55	27
Network2759	81.83	407.76	86	206	1	0.046	13	0.089	13	8	13	56	39
Network2760	46.12	130.39	99	244	1	0.064	16	0.059	4	6	5	59	32
Network2761	71.33	20.19	75	153	1	0.035	11	0.075	3	8	1	39	29
Network2762	37.02	12.74	77	137	1	0.013	9	0.089	4	8	3	33	18
Network2763	71.76	27.89	79	158	1	0.033	11	0.103	3	8	1	36	26
Network2764	37.97	20.55	86	150	1	0.037	12	0.086	9	7	7	37	18
Network2765	79.35	29.53	76	158	1	0.045	11	0.056	5	9	5	42	30
Network2766	43.21	20.87	92	187	1	0.053	14	0.047	6	8	9	41	20
Network2767	80.85	25.22	83	167	1	0.04	11	0.1	4	8	4	41	29
Network2768	45.18	16.38	81	142	1	0.046	11	0.087	9	7	7	34	17
Network2769	71	538.45	89	304	1	0.085	13	0.058	11	8	11	78	46
Network2770	38.41	31.79	87	215	1	0.065	13	0.05	9	7	6	58	32
Network2771	72.02	703.67	110	419	1	0.094	11	0.07	1	6	5	98	59
Network2772	39.08	48.42	90	215	1	0.067	15	0.078	10	11	10	58	34
Network2773	80.33	604.35	125	558	1	0.086	12	0.091	6	6	5	136	66
Network2774	43.38	119.23	107	323	1	0.078	11	0.068	4	5	6	79	39
Network2775	82.03	575.58	108	393	1	0.064	10	0.056	7	7	9	119	64
Network2776	45.49	127.19	100	246	1	0.07	19	0.088	4	8	9	62	36
Network2777	70.78	34.64	82	173	1	0.041	10	0.082	6	8	1	42	29
Network2778	37.61	17.55	77	130	1	0.014	9	0.093	3	8	2	32	17
Network2779	72.33	43.33	86	177	1	0.04	10	0.108	7	8	1	39	26
Network2780	38.74	23.55	86	146	1	0.038	12	0.08	10	7	8	36	17
Network2781	80.02	37.3	76	157	1	0.045	11	0.062	5	9	5	42	30
Network2782	43.52	24.96	92	182	1	0.054	14	0.078	5	8	9	40	19
Network2783	81	31.59	83	165	1	0.041	11	0.079	4	8	4	41	29
Network2784	44.94	19.99	81	137	1	0.048	11	0.091	9	7	7	33	16
Network2833	72.75	473.02	112	357	1	0.082	15	0.075	2	8	11	75	40
Network2834	44.95	68.5	95	221	1	0.076	13	0.092	7	8	10	53	33
Network2835	73.92	235.52	105	340	1	0.1	16	0.046	4	8	4	76	46
Network2836	46.08	49.61	101	218	1	0.087	14	0.066	8	8	10	49	32
Network2837	81.28	259.88	126	504	1	0.084	18	0.08	2	8	14	95	48
Network2838	50.05	87.61	105	250	1	0.064	16	0.056	4	9	10	59	28
Network2839	83.9	125.53	95	294	1	0.1	11	0.069	4	7	4	66	39
Network2840	53.11	82.44	103	242	1	0.075	17	0.057	10	8	7	56	31
Network2841	72.28	108.38	112	343	1	0.054	13	0.055	8	5	1	62	38
Network2842	45.17	11.64	88	152	1	0.046	13	0.075	10	6	8	38	20
Network2843	73.55	64.86	116	395	1	0.083	10	0.079	2	6	6	68	41
Network2844	46.5	16.6	101	201	1	0.086	12	0.079	10	8	8	43	21
Network2845	81.05	25.64	80	163	1	0.041	10	0.046	4	8	4	41	29
Network2846	50.13	14.06	89	148	1	0.041	9	0.058	5	7	6	37	22
Network2847	82.7	37.12	89	194	1	0.054	10	0.062	4	8	4	43	30
Network2848	52.9	29.14	107	221	1	0.07	15	0.072	9	6	6	48	23
Network2849	72.58	517.21	116	424	1	0.085	14	0.078	2	8	8	100	55
Network2850	44.6	73.47	97	250	1	0.062	13	0.051	9	8	10	76	37
Network2851	74.01	272.61	111	405	1	0.097	16	0.075	4	7	9	101	61
Network2852	46.02	55.31	104	243	1	0.081	15	0.099	8	8	10	60	36
Network2853	81.47	297.68	134	610	1	0.086	13	0.081	2	8	9	123	63
Network2854	50.84	155.71	118	350	1	0.075	13	0.077	4	5	6	83	40
Network2855	82.78	173.01	101	359	1	0.097	11	0.077	4	7	8	91	54
Network2856	52.49	91.26	105	250	1	0.08	18	0.11	10	11	10	61	36
Network2857	71.81	42.81	90	205	1	0.059	9	0.062	6	6	1	44	31
Network2858	45.11	16.18	87	139	1	0.025	12	0.076	10	8	10	33	18
Network2859	73.34	71.75	117	384	1	0.087	10	0.062	2	6	6	63	38
Network2860	46.3	17.48	92	150	1	0.059	12	0.054	10	8	10	35	19
Network2861	80.8	33.07	80	161	1	0.042	10	0.055	4	8	4	41	29
Network2862	50.44	27.51	99	189	1	0.055	9	0.072	5	6	6	42	21
Network2863	82.5	46.77	89	194	1	0.054	10	0.062	4	8	4	43	30
Network2864	53.28	27.71	94	158	1	0.054	14	0.052	10	6	6	37	21
Network2913	68.19	1.81	40	79	1	0.092	5	0.135	3	4	5	26	17
Network2914	50.54	1.49	26	53	1	0.191	5	0.067	1	4	3	15	13
Network2915	68.92	2.21	40	79	1	0.092	5	0.135	3	4	5	26	17
Network2916	51.92	1.55	26	53	1	0.191	5	0.067	1	4	3	15	13
Network2917	73.45	1.92	40	79	1	0.092	5	0.135	3	4	5	26	17
Network2918	53.9	1.57	26	53	1	0.191	5	0.067	1	4	3	15	13
Network2919	76.06	1.81	40	79	1	0.092	5	0.135	3	4	5	26	17
Network2920	55.04	1.44	26	53	1	0.191	5	0.067	1	4	3	15	13
Network2921	67.34	1.76	39	73	1	0.087	5	0.065	3	4	3	22	14
Network2922	50.29	1.38	22	29	1	0.13	3	0.115	2	3	2	8	6
Network2923	69.37	1.87	39	73	1	0.087	5	0.065	3	4	3	22	14
Network2924	51.64	1.5	22	29	1	0.13	3	0.115	2	3	2	8	6
Network2925	73.91	1.9	39	73	1	0.087	5	0.065	3	4	3	22	14
Network2926	53.71	1.46	22	29	1	0.13	3	0.115	2	3	2	8	6
Network2927	75.54	1.95	39	73	1	0.087	5	0.065	3	4	3	22	14
Network2928	54.94	1.58	22	29	1	0.13	3	0.115	2	3	2	8	6
Network2929	67.99	3.03	42	105	1	0.11	6	0.088	3	4	5	39	24
Network2930	50.48	2.15	28	71	1	0.169	4	0.076	1	3	3	26	22
Network2931	69.54	3.01	42	105	1	0.11	6	0.088	3	4	5	39	24
Network2932	51.55	2.14	28	71	1	0.169	4	0.076	1	3	3	26	22
Network2933	73.95	2.76	42	105	1	0.11	6	0.088	3	4	5	39	24
Network2934	53.83	2.22	28	71	1	0.169	4	0.076	1	3	3	26	22
Network2935	76.07	2.8	42	105	1	0.11	6	0.088	3	4	5	39	24
Network2936	54.98	2.23	28	71	1	0.169	4	0.076	1	3	3	26	22
Network2937	67.67	3.02	39	73	1	0.087	5	0.065	3	4	3	22	14
Network2938	50.31	2.42	22	28	1	0.132	3	0.123	2	3	2	8	6
Network2939	69.58	2.69	39	73	1	0.087	5	0.065	3	4	3	22	14
Network2940	51.53	1.95	22	28	1	0.132	3	0.123	2	3	2	8	6
Network2941	73.78	3.07	39	73	1	0.087	5	0.065	3	4	3	22	14
Network2942	53.63	2.3	22	28	1	0.132	3	0.123	2	3	2	8	6
Network2943	75.69	2.56	39	73	1	0.087	5	0.065	3	4	3	22	14
Network2944	54.77	2.09	22	28	1	0.132	3	0.123	2	3	2	8	6
Network2993	68.55	2.47	48	113	1	0.124	7	0.134	4	4	4	31	18
Network2994	51.06	1.64	33	56	1	0.1	7	0.078	1	4	4	19	11
Network2995	69.97	2.4	48	113	1	0.124	7	0.134	4	4	4	31	18
Network2996	51.9	1.56	33	56	1	0.1	7	0.078	1	4	4	19	11
Network2997	74.51	2.46	51	119	1	0.13	7	0.113	4	4	4	32	19
Network2998	54.31	1.73	33	56	1	0.1	7	0.078	1	4	4	19	11
Network2999	76.52	2.25	51	119	1	0.13	7	0.113	4	4	4	32	19
Network3000	54.57	1.73	33	56	1	0.1	7	0.078	1	4	4	19	11
Network3001	67.71	2.07	47	108	1	0.116	5	0.057	3	3	3	30	20
Network3002	50.59	1.74	33	44	1	0.025	3	0.06	3	3	2	15	8
Network3003	70	2.21	47	108	1	0.116	5	0.057	3	3	3	30	20
Network3004	52.22	1.45	33	44	1	0.025	3	0.06	3	3	2	15	8
Network3005	74.04	1.86	50	114	1	0.124	5	0.073	3	3	3	30	20
Network3006	54.01	1.51	33	44	1	0.025	3	0.06	3	3	2	15	8
Network3007	76.37	2.35	50	114	1	0.124	5	0.073	3	3	3	30	20
Network3008	54.89	1.41	33	44	1	0.025	3	0.06	3	3	2	15	8
Network3009	68.65	3.82	49	132	1	0.131	6	0.14	6	3	4	39	26
Network3010	50.82	2.5	34	66	1	0.104	7	0.084	1	4	4	25	17
Network3011	69.85	3.45	49	132	1	0.131	6	0.14	6	3	4	39	26
Network3012	51.09	2.61	34	66	1	0.104	7	0.084	1	4	4	25	17
Network3013	74.32	3.2	52	126	1	0.137	6	0.069	5	3	4	36	23
Network3014	54.1	2.56	34	66	1	0.104	7	0.084	1	4	4	25	17
Network3015	76.35	3.33	52	126	1	0.137	6	0.069	5	3	4	36	23
Network3016	55.46	2.85	34	66	1	0.104	7	0.084	1	4	4	25	17
Network3017	67.64	3.15	47	107	1	0.117	5	0.06	3	3	3	30	20
Network3018	50.55	2.3	33	43	1	0.025	3	0.064	3	3	2	15	8
Network3019	69.58	3.04	47	107	1	0.117	5	0.06	3	3	3	30	20
Network3020	51.86	2.32	33	43	1	0.025	3	0.064	3	3	2	15	8
Network3021	74.49	2.98	50	113	1	0.126	5	0.075	3	3	3	30	20
Network3022	54.09	2.36	33	43	1	0.025	3	0.064	3	3	2	15	8
Network3023	76.06	2.78	50	113	1	0.126	5	0.075	3	3	3	30	20
Network3024	55.29	2.53	33	43	1	0.025	3	0.064	3	3	2	15	8
Network3073	70.27	8.76	72	170	1	0.089	9	0.077	9	7	5	41	31
Network3074	51.01	NA	NA	NA	NA	NA	NA	NA	NA	NA	NA	NA	NA
Network3075	71.1	9.52	76	187	1	0.09	9	0.058	9	7	5	44	31
Network3076	52.56	3.34	58	95	1	0.076	8	0.067	6	7	1	28	18
Network3077	74.99	9.04	75	186	1	0.097	9	0.083	9	7	5	45	32
Network3078	54.33	3.52	59	97	1	0.075	8	0.062	6	7	1	29	19
Network3079	76.75	10.08	76	190	1	0.095	9	0.059	9	7	5	45	32
Network3080	55.89	4.72	64	117	1	0.09	8	0.051	5	7	1	32	19
Network3081	68.94	3.77	68	137	1	0.044	6	0.048	5	5	5	28	20
Network3082	50.93	2.43	62	89	1	0.022	5	0.089	4	5	1	23	13
Network3083	69.81	5.03	68	137	1	0.044	6	0.048	5	5	5	28	20
Network3084	52.05	2.17	54	77	1	0.017	5	0.104	4	5	4	22	13
Network3085	74.55	4.66	69	142	1	0.045	6	0.058	5	5	5	28	20
Network3086	54.23	2.72	65	96	1	0.034	6	0.082	4	5	1	24	14
Network3087	76.44	4.48	69	142	1	0.045	6	0.058	5	5	5	28	20
Network3088	55.32	3.13	69	101	1	0.033	6	0.08	4	5	1	24	14
Network3089	68.98	27.71	85	286	1	0.12	10	0.1	10	6	6	57	40
Network3090	51.84	NA	NA	NA	NA	NA	NA	NA	NA	NA	NA	NA	NA
Network3091	70.39	27.35	88	299	1	0.122	10	0.057	10	5	6	60	40
Network3092	52.5	4.72	60	108	1	0.084	8	0.062	6	6	1	33	23
Network3093	75.07	27.93	87	298	1	0.126	10	0.062	10	5	6	61	41
Network3094	55.07	4.86	61	110	1	0.083	8	0.07	6	6	1	34	24
Network3095	76.99	29.61	88	302	1	0.124	10	0.057	10	5	6	61	41
Network3096	56.13	6.68	66	129	1	0.097	8	0.082	5	6	1	37	24
Network3097	68.83	5	68	132	1	0.046	6	0.086	5	5	5	27	19
Network3098	51.77	3.37	62	85	1	0.023	5	0.077	3	5	1	22	12
Network3099	69.32	5.34	68	132	1	0.046	6	0.086	5	5	5	27	19
Network3100	51.91	3.2	54	74	1	0.017	5	0.102	3	5	4	21	12
Network3101	74.5	5.94	69	137	1	0.047	6	0.091	5	5	5	27	19
Network3102	54.31	3.78	65	92	1	0.035	6	0.092	3	5	1	23	13
Network3103	76.53	5.69	69	137	1	0.047	6	0.091	5	5	5	27	19
Network3104	55.19	3.9	69	97	1	0.035	6	0.08	3	5	1	23	13
Network3153	68.95	15.59	74	177	1	0.093	9	0.081	9	7	5	41	31
Network3154	51.53	5.37	77	154	1	0.072	12	0.036	10	7	9	45	23
Network3155	70.63	15.89	79	196	1	0.098	9	0.075	9	7	5	44	31
Network3156	51.65	6.04	77	171	1	0.091	14	0.08	10	7	9	47	24
Network3157	74.99	15.79	75	186	1	0.097	9	0.083	9	7	5	45	32
Network3158	55.02	5.84	80	156	1	0.05	11	0.062	8	5	6	41	22
Network3159	77.15	18.17	79	199	1	0.102	9	0.077	9	7	5	45	32
Network3160	56.41	9.15	87	204	1	0.107	12	0.081	10	7	1	49	25
Network3161	69.21	5.3	75	140	1	0.046	8	0.077	4	4	4	39	26
Network3162	50.95	3.29	76	114	1	0.033	8	0.07	8	5	6	27	14
Network3163	70.1	4.57	73	147	1	0.059	7	0.104	5	5	7	32	25
Network3164	52.35	3.13	73	104	1	0.018	10	0.081	10	6	1	29	16
Network3165	74.83	5.13	74	139	1	0.051	8	0.085	4	4	3	37	25
Network3166	54.3	3.8	74	115	1	0.032	6	0.067	3	5	3	29	16
Network3167	76.56	5.62	74	154	1	0.055	8	0.083	5	5	7	32	25
Network3168	55.66	5.44	78	121	1	0.031	6	0.045	5	5	3	29	16
Network3169	68.42	38.96	88	317	1	0.122	10	0.067	9	6	5	66	43
Network3170	51.81	NA	NA	NA	NA	NA	NA	NA	NA	NA	NA	NA	NA
Network3171	70.77	44.14	93	337	1	0.12	10	0.052	9	5	5	69	43
Network3172	52.37	8.36	79	184	1	0.096	14	0.07	10	6	8	52	29
Network3173	75.13	41.95	90	331	1	0.12	10	0.053	9	5	5	70	44
Network3174	54.77	NA	NA	NA	NA	NA	NA	NA	NA	NA	NA	NA	NA
Network3175	76.94	50.75	94	345	1	0.121	10	0.045	9	5	5	70	44
Network3176	55.71	11.5	88	213	1	0.114	12	0.072	11	6	1	53	30
Network3177	69.38	6.98	75	139	1	0.046	8	0.075	4	4	4	39	26
Network3178	51.02	4.42	76	109	1	0.034	8	0.051	8	5	6	26	13
Network3179	70.27	6.82	73	147	1	0.059	7	0.104	5	5	7	32	25
Network3180	52.42	4.14	73	101	1	0.018	10	0.039	10	6	1	29	16
Network3181	74.8	6.34	74	138	1	0.051	8	0.085	4	4	3	37	25
Network3182	54.44	5.22	74	110	1	0.034	6	0.09	3	5	3	28	15
Network3183	76.67	6.69	74	154	1	0.055	8	0.083	5	5	7	32	25
Network3184	55.76	6.98	78	116	1	0.033	6	0.079	5	5	3	28	15
Network3233	80.5	152.39	89	239	1	0.075	10	0.058	8	7	7	57	42
Network3234	57.48	5.16	59	104	1	0.103	12	0.088	12	3	12	28	17
Network3235	82.23	208.94	90	239	1	0.072	10	0.061	8	6	7	57	42
Network3236	58.67	5.19	59	108	1	0.103	12	0.092	12	3	12	28	17
Network3237	87.09	172.33	93	255	1	0.083	12	0.09	10	7	3	57	41
Network3238	62.15	5.99	59	104	1	0.103	12	0.088	12	3	12	28	17
Network3239	90.43	252.56	93	258	1	0.081	12	0.072	10	6	3	66	50
Network3240	63.79	5.96	59	108	1	0.103	12	0.092	12	3	12	28	17
Network3241	79.37	8.73	59	135	1	0.088	6	0.103	4	5	5	27	17
Network3242	56.04	3.15	36	69	1	0.115	5	0.065	0	4	3	15	12
Network3243	81.22	15	60	140	1	0.087	5	0.085	4	4	5	27	17
Network3244	58.04	2.75	38	71	1	0.11	5	0.051	0	4	3	15	12
Network3245	87.34	9.48	59	135	1	0.088	6	0.103	4	5	5	27	17
Network3246	61.85	2.75	36	69	1	0.115	5	0.065	0	4	3	15	12
Network3247	89.93	16.33	61	144	1	0.083	5	0.071	4	4	5	27	17
Network3248	63.24	3.04	39	74	1	0.103	5	0.09	0	4	3	15	12
Network3249	79.7	203.59	107	395	1	0.087	10	0.09	9	6	5	82	55
Network3250	56.88	10.06	69	191	1	0.125	15	0.066	14	3	5	51	35
Network3251	81.36	206.69	105	385	1	0.084	10	0.064	9	6	5	82	55
Network3252	58.39	10.01	70	192	1	0.128	15	0.071	14	3	6	51	35
Network3253	87.68	185.48	103	362	1	0.1	10	0.08	9	6	8	67	45
Network3254	61.94	10.79	69	191	1	0.125	15	0.066	14	3	5	51	35
Network3255	90.19	251.14	105	368	1	0.093	10	0.071	9	6	8	78	55
Network3256	63.36	10.67	70	191	1	0.122	15	0.072	14	3	6	51	35
Network3257	79.87	10.56	59	135	1	0.088	6	0.103	4	5	5	27	17
Network3258	56.61	3.9	36	70	1	0.114	5	0.06	0	4	3	15	12
Network3259	81.16	16.83	60	140	1	0.087	5	0.085	4	4	5	27	17
Network3260	57.94	4.11	37	68	1	0.115	5	0.045	0	4	3	14	11
Network3261	87.18	10.76	59	135	1	0.088	6	0.103	4	5	5	27	17
Network3262	61.14	4.16	36	70	1	0.114	5	0.06	0	4	3	15	12
Network3263	89.87	18.34	61	144	1	0.083	5	0.071	4	4	5	27	17
Network3264	63.07	4.32	39	75	1	0.102	5	0.076	0	4	3	15	12
Network3313	80.17	130.19	105	362	1	0.07	12	0.064	12	6	8	73	44
Network3314	57.52	5.74	63	143	1	0.099	10	0.075	1	7	8	36	19
Network3315	82.08	93.04	105	368	1	0.067	14	0.076	13	6	9	76	46
Network3316	58.51	6.33	65	150	1	0.099	10	0.048	1	7	8	36	19
Network3317	88.1	127.44	106	368	1	0.069	12	0.069	12	6	8	73	44
Network3318	62.05	5.42	62	133	1	0.105	10	0.081	1	9	1	37	20
Network3319	90.73	109.51	107	380	1	0.068	12	0.073	12	6	8	77	47
Network3320	63.93	6.31	64	139	1	0.103	10	0.097	1	9	1	37	20
Network3321	79.8	6.09	56	133	1	0.108	7	0.053	0	4	5	28	17
Network3322	57.09	2.7	42	69	1	0.06	7	0.097	3	4	4	19	11
Network3323	81.75	7.71	65	161	1	0.1	7	0.092	4	4	5	31	19
Network3324	58.3	3.04	42	71	1	0.06	7	0.084	3	4	4	19	11
Network3325	88.16	7.07	63	156	1	0.107	7	0.072	4	4	5	31	19
Network3326	62.36	2.74	42	69	1	0.06	7	0.097	3	4	4	19	11
Network3327	90.42	8.92	61	149	1	0.108	7	0.099	0	4	5	28	17
Network3328	63.51	3.12	42	71	1	0.06	7	0.084	3	4	4	19	11
Network3329	80.22	56.09	111	437	1	0.088	10	0.044	10	5	6	93	55
Network3330	57.47	8.12	64	152	1	0.101	10	0.083	1	7	8	42	25
Network3331	82.04	69.9	114	459	1	0.087	10	0.046	10	5	6	93	55
Network3332	58.53	9.76	66	159	1	0.101	10	0.061	1	7	8	42	25
Network3333	88.12	86.54	108	421	1	0.083	16	0.043	16	6	16	90	53
Network3334	62.05	7.22	63	144	1	0.106	10	0.091	1	9	1	46	28
Network3335	90.68	82.66	114	458	1	0.088	10	0.055	10	5	6	95	56
Network3336	64.27	NA	NA	NA	NA	NA	NA	NA	NA	NA	NA	NA	NA
Network3337	80.31	9.23	58	169	1	0.127	7	0.092	0	4	5	33	21
Network3338	56.89	3.98	42	68	1	0.061	7	0.095	3	4	4	19	11
Network3339	80.89	9.34	64	163	1	0.115	7	0.054	5	4	5	32	20
Network3340	58.43	3.93	42	70	1	0.061	7	0.067	3	4	4	19	11
Network3341	87.71	8.75	62	156	1	0.114	7	0.057	4	4	5	32	20
Network3342	62.17	4.19	42	68	1	0.061	7	0.095	3	4	4	19	11
Network3343	90.4	15.38	63	182	1	0.118	7	0.064	0	4	5	33	21
Network3344	63.39	4.16	42	70	1	0.061	7	0.067	3	4	4	19	11
Network3393	80.41	112.61	104	358	1	0.091	13	0.05	1	6	5	71	43
Network3394	56.98	6.34	73	155	1	0.091	10	0.071	8	7	1	38	21
Network3395	81.45	74.74	103	351	1	0.089	11	0.059	1	6	5	75	46
Network3396	58.6	6.84	75	161	1	0.089	10	0.066	8	7	1	38	21
Network3397	88.4	67.29	107	382	1	0.082	15	0.043	1	6	5	71	42
Network3398	61.98	7.41	80	160	1	0.077	11	0.081	9	6	1	39	24
Network3399	91.95	71.39	103	352	1	0.092	12	0.035	1	6	5	77	46
Network3400	64.13	7.64	70	140	1	0.089	10	0.069	3	9	3	45	27
Network3401	80.58	29.45	92	254	1	0.099	9	0.049	4	7	5	42	28
Network3402	57.39	4.86	67	120	1	0.08	7	0.082	3	5	1	27	17
Network3403	82.38	24.71	96	270	1	0.095	9	0.103	4	7	5	42	28
Network3404	58.66	4.62	67	124	1	0.083	7	0.082	3	5	1	27	17
Network3405	87.45	19.65	88	225	1	0.078	17	0.065	14	7	12	41	30
Network3406	62.41	5.08	71	129	1	0.089	9	0.062	7	5	1	29	19
Network3407	91.11	27.59	88	232	1	0.078	17	0.075	14	6	12	41	30
Network3408	64.38	5.94	78	138	1	0.08	10	0.089	10	5	1	30	19
Network3409	80.83	119.55	107	437	1	0.094	12	0.086	1	6	5	104	67
Network3410	57.46	8.95	74	164	1	0.093	10	0.068	8	7	1	44	27
Network3411	82.81	85.11	108	455	1	0.092	10	0.098	1	6	5	109	71
Network3412	58.85	9.89	76	171	1	0.093	10	0.071	8	7	1	44	27
Network3413	89.27	77.8	112	462	1	0.092	12	0.08	1	6	9	99	66
Network3414	62.7	10.84	82	175	1	0.078	11	0.072	9	6	1	47	29
Network3415	92.37	83.23	110	452	1	0.091	12	0.097	1	6	5	109	68
Network3416	65.02	10.8	69	149	1	0.085	11	0.06	2	8	2	46	30
Network3417	80.4	33.86	95	256	1	0.098	9	0.118	4	7	5	41	27
Network3418	56.9	5.71	67	116	1	0.075	7	0.102	3	5	1	26	16
Network3419	82.06	27.34	97	267	1	0.096	9	0.067	4	7	5	41	27
Network3420	59.15	6.44	67	120	1	0.078	7	0.09	3	5	1	26	16
Network3421	88.31	21.99	88	222	1	0.08	17	0.074	14	7	12	41	30
Network3422	65.34	6.22	71	125	1	0.084	9	0.083	6	5	1	28	18
Network3423	90.68	33.86	88	229	1	0.079	17	0.062	14	6	12	41	30
Network3424	63.57	8.25	78	137	1	0.082	10	0.09	10	5	1	29	18
Network3473	80.65	127.82	112	390	1	0.083	14	0.084	1	8	5	68	39
Network3474	57.25	10.48	97	229	1	0.089	16	0.078	14	8	12	51	25
Network3475	82.74	89.82	119	441	1	0.096	12	0.027	4	6	6	80	48
Network3476	59.32	8.32	84	189	1	0.123	14	0.047	10	7	9	48	25
Network3477	88.73	123.82	121	443	1	0.085	16	0.069	15	8	10	78	46
Network3478	62.64	13.32	96	227	1	0.075	16	0.074	4	8	9	55	26
Network3479	91.56	68.06	114	416	1	0.096	10	0.028	4	6	5	78	44
Network3480	64.31	10.88	93	221	1	0.099	14	0.062	13	7	1	56	31
Network3481	80.32	31.17	97	258	1	0.096	9	0.074	7	7	5	44	28
Network3482	57.38	6.21	90	171	1	0.069	13	0.068	9	5	1	45	23
Network3483	82.18	28.88	104	284	1	0.095	11	0.079	10	7	5	46	31
Network3484	59.47	6.21	86	166	1	0.066	17	0.061	11	9	1	35	22
Network3485	88.25	34.19	101	273	1	0.095	9	0.052	7	7	5	45	29
Network3486	62.76	5.58	86	155	1	0.077	12	0.051	7	9	10	40	25
Network3487	91.02	29.94	103	282	1	0.096	11	0.081	10	7	5	46	31
Network3488	64.08	NA	NA	NA	NA	NA	NA	NA	NA	NA	NA	NA	NA
Network3489	80.66	220.36	111	481	1	0.087	10	0.049	1	8	5	113	64
Network3490	57.76	13.59	98	239	1	0.09	16	0.091	14	8	12	56	30
Network3491	82.71	101.08	129	538	1	0.092	13	0.069	4	6	5	102	60
Network3492	59.1	12.62	89	211	1	0.108	17	0.089	10	10	12	55	31
Network3493	89.15	127.96	126	509	1	0.088	16	0.067	11	7	7	100	59
Network3494	62.68	18.04	99	262	1	0.082	16	0.094	15	8	9	67	32
Network3495	91.36	83.03	125	521	1	0.094	13	0.055	4	6	5	102	58
Network3496	64.92	14.28	94	216	1	0.096	14	0.098	13	9	1	56	32
Network3497	81.1	35.49	98	257	1	0.097	9	0.076	7	7	5	44	28
Network3498	57.53	7.19	89	155	1	0.069	13	0.091	9	5	1	40	19
Network3499	82.59	34.13	103	284	1	0.098	11	0.079	10	7	5	45	30
Network3500	59.1	6.66	86	155	1	0.072	17	0.071	11	6	1	34	22
Network3501	88.88	40.87	100	263	1	0.098	9	0.062	7	7	5	44	28
Network3502	62.31	7.63	85	139	1	0.079	12	0.068	6	9	10	35	21
Network3503	90.98	25.95	103	280	1	0.098	11	0.102	10	7	5	45	30
Network3504	63.47	10.29	89	154	1	0.075	15	0.091	11	9	10	36	20
Network3553	89.64	623.21	93	214	1	0.046	12	0.071	9	8	1	61	42
Network3554	63.09	18.72	100	293	1	0.103	13	0.093	8	8	9	67	30
Network3555	91.52	626.27	93	211	1	0.05	15	0.067	15	8	3	57	39
Network3556	65.02	18.92	90	232	1	0.083	12	0.07	9	8	9	58	30
Network3557	98.94	618.67	87	192	1	0.053	21	0.066	13	9	13	53	38
Network3558	70.9	35	103	357	1	0.108	13	0.093	8	6	7	76	34
Network3559	102.57	628.16	93	217	1	0.049	16	0.07	9	14	1	61	43
Network3560	72.35	51.9	102	265	1	0.069	12	0.099	4	8	7	68	30
Network3561	89.72	63.38	77	182	1	0.059	15	0.066	10	5	7	47	26
Network3562	61.97	5.5	47	80	1	0.077	12	0.137	12	6	7	22	11
Network3563	91.2	18.18	61	127	1	0.05	8	0.039	5	6	5	38	24
Network3564	64.74	6.13	47	82	1	0.077	12	0.122	12	6	7	22	11
Network3565	98.5	44.13	80	195	1	0.031	12	0.107	11	5	4	54	33
Network3566	69.6	6.11	49	85	1	0.077	12	0.111	12	6	7	22	11
Network3567	101.83	17.37	60	124	1	0.053	8	0.047	5	6	5	38	24
Network3568	72.02	6.81	49	87	1	0.077	12	0.105	12	6	7	22	11
Network3569	92.55	856.52	107	426	1	0.096	12	0.072	6	6	7	118	62
Network3570	62.92	31.23	104	359	1	0.102	10	0.06	8	6	6	82	39
Network3571	92.64	1076.15	122	448	1	0.075	10	0.082	8	6	3	114	71
Network3572	63.86	35.73	97	301	1	0.08	10	0.061	8	6	6	73	38
Network3573	98.64	807.98	137	552	1	0.064	16	0.05	11	9	11	118	66
Network3574	69.51	46.36	106	425	1	0.109	10	0.1	8	5	6	92	44
Network3575	102.1	1189.02	114	391	1	0.055	14	0.071	9	8	2	95	61
Network3576	72.65	51.25	102	274	1	0.066	11	0.08	10	8	7	69	32
Network3577	89.87	59.11	77	180	1	0.049	10	0.067	10	5	5	47	26
Network3578	62.85	NA	NA	NA	NA	NA	NA	NA	NA	NA	NA	NA	NA
Network3579	91.62	21.51	61	127	1	0.05	8	0.039	5	6	5	38	24
Network3580	65.08	NA	NA	NA	NA	NA	NA	NA	NA	NA	NA	NA	NA
Network3581	98.85	48.47	80	195	1	0.031	12	0.107	11	5	4	54	33
Network3582	69.16	8.53	49	83	1	0.073	12	0.096	12	6	7	22	11
Network3583	102.45	21.5	60	124	1	0.053	8	0.047	5	6	5	38	24
Network3584	72.28	9.29	49	85	1	0.073	12	0.085	12	6	7	22	11
Network3633	90.15	619.17	85	196	1	0.06	16	0.042	15	8	15	54	35
Network3634	63.12	19.88	100	295	1	0.103	13	0.094	8	8	9	68	31
Network3635	92.22	624.83	87	178	1	0.055	13	0.074	11	11	1	49	32
Network3636	66.71	18.89	90	234	1	0.083	12	0.067	9	8	9	58	30
Network3637	100.06	519.43	125	484	1	0.089	13	0.048	1	6	8	97	52
Network3638	69.5	35.88	103	357	1	0.108	13	0.093	8	6	7	76	34
Network3639	102.16	251.82	95	236	1	0.053	14	0.066	14	8	1	66	42
Network3640	72.65	52.68	102	263	1	0.068	12	0.103	4	8	7	68	30
Network3641	90.11	28.17	73	167	1	0.029	7	0.076	5	6	5	44	28
Network3642	63.32	5.54	45	78	1	0.078	8	0.112	3	5	4	21	11
Network3643	90.92	40.54	79	207	1	0.04	8	0.064	7	6	5	47	29
Network3644	64.67	5.95	45	80	1	0.078	8	0.109	3	5	4	21	11
Network3645	98.61	15.46	70	161	1	0.092	13	0.096	12	6	12	38	24
Network3646	69.62	5.63	47	83	1	0.077	8	0.093	3	5	4	21	11
Network3647	101.67	33.62	89	254	1	0.081	13	0.035	12	6	12	45	28
Network3648	72.44	6.81	47	85	1	0.077	8	0.112	3	5	4	21	11
Network3649	89.64	631.47	89	208	1	0.057	16	0.033	15	8	15	61	40
Network3650	63.72	31.2	104	363	1	0.102	10	0.061	8	6	6	84	40
Network3651	91.82	1180.7	116	387	1	0.083	13	0.094	8	6	1	91	57
Network3652	64.88	34.93	97	297	1	0.079	10	0.064	8	6	6	73	38
Network3653	100.49	701.24	141	708	1	0.087	13	0.081	1	6	5	146	84
Network3654	70.2	49.7	106	425	1	0.109	10	0.1	8	5	6	92	44
Network3655	102.78	587.03	120	426	1	0.085	16	0.062	13	6	1	102	65
Network3656	72.16	54.03	102	276	1	0.065	11	0.08	10	8	7	72	34
Network3657	90.15	54.77	84	203	1	0.028	12	0.083	11	5	4	51	28
Network3658	62.57	8.04	45	76	1	0.074	8	0.085	3	5	4	21	11
Network3659	90.34	23.31	64	134	1	0.047	8	0.048	5	6	5	38	24
Network3660	64.96	8.04	45	78	1	0.074	8	0.082	3	5	4	21	11
Network3661	98.8	33.67	79	180	1	0.077	13	0.062	8	8	9	41	24
Network3662	69.69	8.07	47	81	1	0.074	8	0.082	3	5	4	21	11
Network3663	101.78	19.96	65	131	1	0.102	15	0.066	13	7	12	34	22
Network3664	72.28	9.65	47	83	1	0.074	8	0.081	3	5	4	21	11
Network3713	90.2	619.08	90	202	1	0.054	9	0.071	5	9	5	59	37
Network3714	64.09	21.56	103	297	1	0.101	13	0.091	8	8	9	68	31
Network3715	92.53	623.35	90	201	1	0.056	10	0.105	5	9	5	56	35
Network3716	66.85	20.95	93	231	1	0.081	12	0.078	9	8	9	58	30
Network3717	100.18	487.29	115	402	1	0.09	14	0.051	1	6	5	88	50
Network3718	70.17	42.75	107	372	1	0.107	13	0.084	8	6	7	87	39
Network3719	103.99	612.55	125	443	1	0.085	14	0.074	1	6	1	91	53
Network3720	72.28	29.92	97	255	1	0.079	12	0.073	10	8	7	66	35
Network3721	89	18.98	75	160	1	0.043	10	0.072	3	8	1	39	30
Network3722	63.66	9.98	83	145	1	0.03	14	0.067	11	5	9	36	18
Network3723	92.09	21.19	79	168	1	0.04	11	0.102	3	8	1	41	31
Network3724	65.18	12.58	83	150	1	0.033	14	0.072	11	5	9	36	18
Network3725	99.53	61.26	105	347	1	0.062	18	0.065	9	6	10	64	42
Network3726	70.78	11.74	84	147	1	0.03	14	0.057	11	5	9	37	19
Network3727	102.83	45.87	105	339	1	0.062	18	0.062	9	6	10	61	40
Network3728	72.63	15.38	90	163	1	0.026	11	0.048	10	6	10	39	18
Network3729	91.2	800.12	117	412	1	0.075	14	0.053	8	6	8	109	63
Network3730	62.71	33.19	107	363	1	0.1	10	0.058	8	6	6	83	40
Network3731	91.8	1209.58	129	490	1	0.074	13	0.1	8	6	1	129	75
Network3732	65.92	40.19	100	301	1	0.078	10	0.069	8	6	6	72	38
Network3733	100.26	481.66	120	507	1	0.094	12	0.072	1	5	4	119	67
Network3734	69.96	59.24	110	446	1	0.107	10	0.085	8	5	6	107	51
Network3735	102.42	691.05	127	569	1	0.091	13	0.064	1	5	1	130	77
Network3736	72.79	51.24	104	330	1	0.076	10	0.066	8	6	5	85	46
Network3737	89.51	25.75	83	180	1	0.046	13	0.071	8	8	1	42	30
Network3738	63.57	12.73	83	142	1	0.03	14	0.069	11	5	9	35	17
Network3739	91.89	33.92	87	187	1	0.044	13	0.109	8	8	1	44	31
Network3740	65.09	14.7	83	147	1	0.033	14	0.074	11	5	9	35	17
Network3741	99.08	76.81	104	330	1	0.064	12	0.088	9	6	10	62	41
Network3742	70.08	14.26	84	144	1	0.03	14	0.069	11	5	9	36	18
Network3743	102.59	53.57	105	329	1	0.064	12	0.101	9	6	10	59	39
Network3744	72.62	17.07	88	152	1	0.029	12	0.082	12	6	10	36	17
Network3793	90.78	341.33	103	290	1	0.072	13	0.063	9	8	10	78	44
Network3794	63.5	18.86	108	292	1	0.103	16	0.077	8	8	10	69	31
Network3795	92.25	660.36	104	326	1	0.097	14	0.055	4	7	4	71	42
Network3796	65.52	18.68	102	241	1	0.1	15	0.067	10	8	10	58	30
Network3797	99.98	803.65	125	411	1	0.088	15	0.06	14	8	12	84	44
Network3798	70.57	50.72	115	377	1	0.103	13	0.094	8	6	7	79	36
Network3799	103.64	219.83	107	329	1	0.092	13	0.078	4	7	4	74	43
Network3800	73.12	29	106	268	1	0.092	12	0.073	10	8	7	65	35
Network3801	91.03	23	80	159	1	0.041	10	0.074	4	8	4	41	29
Network3802	63.78	9.6	81	137	1	0.027	11	0.069	3	9	8	36	19
Network3803	92.56	24.13	77	164	1	0.059	13	0.1	4	6	4	34	26
Network3804	65.71	9.8	88	154	1	0.043	10	0.06	9	7	7	37	21
Network3805	99.77	27.88	85	176	1	0.046	12	0.052	4	8	4	45	30
Network3806	70.26	10.62	85	145	1	0.027	11	0.08	3	9	8	38	21
Network3807	103.38	25.19	82	183	1	0.053	13	0.095	4	8	4	41	30
Network3808	73.2	12.53	96	177	1	0.044	12	0.081	10	8	7	37	22
Network3809	91.12	526.79	119	453	1	0.076	12	0.065	7	6	7	122	70
Network3810	63.07	33.35	112	359	1	0.103	11	0.071	8	6	8	84	40
Network3811	92.52	711.22	112	411	1	0.092	13	0.101	4	7	11	108	68
Network3812	65.91	38.81	109	314	1	0.096	12	0.082	10	6	8	76	40
Network3813	100.59	829.02	130	481	1	0.085	12	0.067	11	8	9	112	61
Network3814	70.59	66.72	118	446	1	0.103	10	0.094	8	5	6	95	46
Network3815	102.58	263.6	116	420	1	0.087	16	0.076	4	7	9	111	69
Network3816	74.05	50.72	113	349	1	0.088	11	0.085	8	6	5	84	46
Network3817	90.53	29.09	80	156	1	0.043	10	0.071	4	8	4	41	29
Network3818	63.9	13.96	88	154	1	0.026	8	0.059	3	6	6	38	18
Network3819	92.46	31.59	77	164	1	0.059	13	0.1	4	6	4	34	26
Network3820	66.27	15.84	93	162	1	0.04	9	0.046	9	7	7	38	19
Network3821	98.87	34.12	85	173	1	0.048	12	0.083	4	8	4	45	30
Network3822	70.94	15.3	94	170	1	0.038	11	0.043	5	6	6	39	19
Network3823	102.91	34.26	82	183	1	0.053	13	0.095	4	8	4	41	30
Network3824	72.41	17.92	98	174	1	0.043	12	0.051	11	6	5	37	19
Network3873	95.24	625.49	87	193	1	0.055	11	0.076	9	10	9	56	35
Network3874	68.74	82.31	93	233	1	0.074	13	0.084	9	8	7	61	30
Network3875	97.08	635.58	95	212	1	0.053	13	0.075	11	10	11	58	37
Network3876	70.13	54.7	96	240	1	0.068	12	0.09	10	8	7	62	32
Network3877	105.25	662.42	99	252	1	0.058	11	0.051	9	10	7	73	48
Network3878	76.59	88.09	107	236	1	0.051	21	0.062	18	11	2	62	33
Network3879	109.15	669.6	103	247	1	0.049	12	0.065	11	10	1	66	41
Network3880	78.93	216.5	110	269	1	0.064	13	0.082	4	8	8	67	32
Network3881	94.92	305.26	80	211	1	0.065	13	0.094	4	9	4	42	27
Network3882	68.45	12.51	68	132	1	0.033	15	0.059	3	6	6	34	16
Network3883	97.03	673.42	89	247	1	0.058	9	0.071	0	8	0	43	26
Network3884	69.93	12.82	69	125	1	0.064	13	0.101	3	8	9	31	17
Network3885	106.29	631.92	80	211	1	0.065	13	0.094	4	9	4	42	27
Network3886	76.43	13.16	68	129	1	0.042	13	0.094	5	6	6	28	16
Network3887	107.75	631.43	92	301	1	0.092	16	0.069	11	8	11	72	47
Network3888	79.42	14.03	68	123	1	0.064	12	0.101	3	8	9	31	17
Network3889	95.59	883.14	116	409	1	0.075	14	0.055	9	7	9	107	61
Network3890	67.98	94.58	96	277	1	0.08	12	0.086	9	7	6	76	40
Network3891	97.47	1052.81	149	734	1	0.085	13	0.084	8	7	2	171	90
Network3892	70.1	71.77	100	275	1	0.069	11	0.053	10	7	6	73	41
Network3893	105.73	985.23	125	480	1	0.076	17	0.068	16	7	9	124	74
Network3894	76.23	115.05	117	318	1	0.068	20	0.076	11	8	11	85	48
Network3895	108.6	1298.73	127	498	1	0.081	17	0.091	16	7	1	121	71
Network3896	78.51	259.01	115	312	1	0.067	14	0.039	4	8	7	80	41
Network3897	94.63	381.43	85	232	1	0.069	12	0.096	11	8	11	45	27
Network3898	66.79	16.09	66	120	1	0.04	12	0.083	3	11	12	28	15
Network3899	96.19	631.69	78	169	1	0.057	10	0.064	0	8	0	33	20
Network3900	70.26	17.49	71	125	1	0.062	12	0.091	3	8	9	30	16
Network3901	105.56	735.26	86	235	1	0.068	12	0.084	11	8	11	45	27
Network3902	75.58	27.53	79	168	1	0.064	11	0.061	5	6	7	34	16
Network3903	107.67	624.84	87	261	1	0.087	17	0.087	13	8	13	71	47
Network3904	78.3	20.48	70	122	1	0.063	12	0.087	3	8	9	30	16
Network3953	96.08	626.43	88	200	1	0.057	18	0.065	16	10	16	59	37
Network3954	68.11	35.33	93	233	1	0.074	13	0.084	9	8	7	61	30
Network3955	98.2	635.27	95	212	1	0.053	13	0.075	11	10	11	58	37
Network3956	71.19	65.65	96	240	1	0.068	12	0.09	10	8	7	62	32
Network3957	105.12	661.12	99	252	1	0.058	11	0.051	9	10	7	73	48
Network3958	77.42	87.94	107	236	1	0.051	21	0.062	18	11	2	62	33
Network3959	108.18	667.23	103	247	1	0.049	12	0.065	11	10	1	66	41
Network3960	79.01	215.01	110	269	1	0.064	13	0.082	4	8	8	67	32
Network3961	94.86	437.27	80	195	1	0.058	12	0.085	0	9	0	42	21
Network3962	67.61	12.31	68	129	1	0.033	14	0.09	3	6	6	34	16
Network3963	97.44	683.6	89	235	1	0.058	14	0.062	3	10	3	39	26
Network3964	70.49	12.3	69	125	1	0.064	13	0.101	3	8	9	31	17
Network3965	105.88	285.53	72	175	1	0.107	14	0.096	12	6	13	42	26
Network3966	75.5	13.91	64	115	1	0.048	14	0.085	5	8	9	27	15
Network3967	107.84	704.25	93	258	1	0.06	14	0.077	8	10	8	46	29
Network3968	79.12	12.88	68	123	1	0.064	12	0.101	3	8	9	31	17
Network3969	94.73	885.94	116	412	1	0.075	14	0.054	9	7	9	109	62
Network3970	67.8	49.31	96	277	1	0.08	12	0.086	9	7	6	76	40
Network3971	97.13	1053.44	149	734	1	0.085	13	0.084	8	7	2	171	90
Network3972	70.21	83.37	100	275	1	0.069	11	0.053	10	7	6	73	41
Network3973	105.96	979.84	125	480	1	0.076	17	0.068	16	7	9	124	74
Network3974	75.55	115.6	117	318	1	0.068	20	0.076	11	8	11	85	48
Network3975	108.71	1283.5	127	498	1	0.081	17	0.091	16	7	1	121	71
Network3976	78.73	256.23	115	312	1	0.067	14	0.039	4	8	7	80	41
Network3977	95.34	410.87	64	127	1	0.094	13	0.072	0	13	0	29	18
Network3978	68.71	16.11	66	117	1	0.039	13	0.066	3	11	12	28	15
Network3979	97.36	638.09	80	179	1	0.06	10	0.092	3	10	3	35	24
Network3980	70.92	17.93	71	125	1	0.062	12	0.091	3	8	9	30	16
Network3981	104.97	293.02	72	171	1	0.107	14	0.07	14	8	13	42	26
Network3982	75.97	25.02	74	150	1	0.069	13	0.101	5	6	7	34	16
Network3983	108.1	642.51	84	202	1	0.065	11	0.072	8	10	8	41	26
Network3984	79.07	20.08	70	122	1	0.063	12	0.087	3	8	9	30	16
Network4033	95.81	626.09	92	209	1	0.055	17	0.084	14	10	14	61	39
Network4034	68.75	57.51	98	218	1	0.058	24	0.035	12	7	8	55	28
Network4035	97.79	637.37	98	218	1	0.05	11	0.067	6	8	6	56	37
Network4036	70.38	144.66	98	222	1	0.06	19	0.088	12	7	8	56	29
Network4037	106.14	628.64	95	225	1	0.057	12	0.086	9	11	7	62	39
Network4038	76.87	74.18	105	244	1	0.068	19	0.085	16	11	10	61	32
Network4039	109.95	736.31	130	474	1	0.085	13	0.075	1	6	1	103	58
Network4040	79.56	123.2	107	239	1	0.065	16	0.091	12	7	8	56	32
Network4041	96.24	22.84	78	180	1	0.067	13	0.053	3	10	3	42	30
Network4042	68.39	15.13	81	145	1	0.025	8	0.056	6	7	5	34	18
Network4043	97.4	33.7	81	175	1	0.057	13	0.067	5	10	5	40	29
Network4044	70.49	38.57	88	160	1	0.05	13	0.077	9	7	10	39	20
Network4045	106.84	104.12	109	372	1	0.072	13	0.101	9	6	7	63	42
Network4046	75.87	30.12	95	193	1	0.049	14	0.045	6	7	5	43	20
Network4047	108.93	34.31	80	163	1	0.043	11	0.074	3	8	3	39	28
Network4048	79.33	25.69	86	159	1	0.046	14	0.08	13	7	11	40	19
Network4049	96.93	896.12	118	421	1	0.075	14	0.067	9	7	9	111	65
Network4050	68.82	100.42	106	335	1	0.077	13	0.101	8	5	5	85	49
Network4051	98.05	1123.3	123	460	1	0.085	11	0.083	9	7	9	109	70
Network4052	70.86	202.29	111	313	1	0.069	14	0.056	9	6	5	79	47
Network4053	106.56	937.47	123	451	1	0.076	17	0.054	16	7	9	113	65
Network4054	76.51	120.76	121	408	1	0.088	13	0.068	8	6	8	96	51
Network4055	109.38	857.71	133	576	1	0.088	13	0.07	1	5	1	134	76
Network4056	78.98	176.16	117	309	1	0.072	16	0.067	14	11	10	72	42
Network4057	95.28	98.16	106	345	1	0.069	11	0.082	10	9	7	58	38
Network4058	68.35	19.21	81	138	1	0.026	8	0.1	5	7	4	33	17
Network4059	96.72	65.47	107	328	1	0.067	14	0.091	14	9	10	55	36
Network4060	70.87	42.3	88	154	1	0.053	13	0.091	9	7	10	38	19
Network4061	105.57	140.46	109	365	1	0.071	10	0.069	9	6	7	62	41
Network4062	76.63	32.34	93	179	1	0.054	11	0.059	5	7	4	40	19
Network4063	108.45	55.28	87	180	1	0.046	14	0.128	12	8	12	41	28
Network4064	79.35	30.96	86	153	1	0.048	14	0.098	13	7	11	39	18
Network4113	96.84	897.35	123	472	1	0.073	10	0.061	9	8	8	99	52
Network4114	68.36	300.19	103	232	1	0.059	19	0.061	11	7	8	56	29
Network4115	98.79	744.28	118	357	1	0.096	19	0.074	4	7	4	69	40
Network4116	71.16	191.63	109	276	1	0.09	15	0.066	10	8	10	68	35
Network4117	106.69	923.37	117	350	1	0.082	11	0.052	1	9	1	75	39
Network4118	77.19	615.09	110	244	1	0.066	17	0.058	13	10	9	57	31
Network4119	109.65	778.59	123	382	1	0.099	19	0.07	4	7	4	75	46
Network4120	79.35	229.83	112	271	1	0.08	12	0.084	10	8	7	63	34
Network4121	96.01	53.47	80	173	1	0.04	15	0.065	13	8	1	42	30
Network4122	68.72	13.77	93	170	1	0.033	13	0.056	10	8	8	44	20
Network4123	97.58	57.45	85	186	1	0.065	11	0.084	6	10	6	41	30
Network4124	71.55	22.34	107	222	1	0.071	18	0.082	15	6	1	46	21
Network4125	106.58	43.5	81	178	1	0.054	12	0.077	4	8	4	40	30
Network4126	76.94	20.1	100	212	1	0.062	12	0.052	10	6	6	52	25
Network4127	109.77	73.17	91	202	1	0.066	10	0.073	4	8	4	44	31
Network4128	79.49	29.27	108	227	1	0.063	13	0.073	4	6	6	49	24
Network4129	96.95	806.75	140	635	1	0.08	11	0.053	8	6	6	138	81
Network4130	68.28	343.32	111	349	1	0.077	13	0.089	8	5	5	86	50
Network4131	99.16	862.42	127	451	1	0.09	13	0.057	4	7	8	106	66
Network4132	71.92	210	112	311	1	0.092	14	0.064	9	6	8	79	44
Network4133	106.68	952.47	122	437	1	0.085	18	0.048	1	9	1	104	56
Network4134	76.57	666.79	121	396	1	0.089	12	0.049	9	5	8	90	48
Network4135	109.13	846.78	132	470	1	0.093	13	0.044	4	7	8	112	72
Network4136	80.39	251.91	116	317	1	0.081	11	0.063	9	7	6	76	43
Network4137	96.15	69.88	87	191	1	0.043	13	0.134	8	8	1	45	30
Network4138	69.07	19.44	92	163	1	0.029	13	0.072	10	9	9	40	18
Network4139	98.12	87.17	114	354	1	0.067	12	0.061	10	9	8	55	37
Network4140	70.61	23.15	95	168	1	0.072	12	0.061	11	6	1	35	19
Network4141	106.72	45.44	81	176	1	0.055	12	0.068	4	8	4	40	30
Network4142	78.16	25.45	98	192	1	0.059	13	0.063	11	8	8	45	21
Network4143	109.36	81.84	91	202	1	0.066	10	0.073	4	8	4	44	31
Network4144	80.57	27.25	95	159	1	0.056	10	0.07	4	6	6	37	21
