UNIPROT	gene_name	NES_corr_phospho_int_weight=TRUE_prot=TRUE	pval_corr_phospho_int_weight=TRUE_prot=TRUE	mf	NES_corr_phospho_int_weight=TRUE_prot=FALSE	pval_corr_phospho_int_weight=TRUE_prot=FALSE	NES_corr_phospho_int_weight=FALSE_prot=TRUE	pval_corr_phospho_int_weight=FALSE_prot=TRUE	NES_corr_phospho_int_weight=FALSE_prot=FALSE	pval_corr_phospho_int_weight=FALSE_prot=FALSE	NES_corr_phospho_no_int_weight=TRUE_prot=TRUE	pval_corr_phospho_no_int_weight=TRUE_prot=TRUE	NES_corr_phospho_no_int_weight=TRUE_prot=FALSE	pval_corr_phospho_no_int_weight=TRUE_prot=FALSE	NES_corr_phospho_no_int_weight=FALSE_prot=TRUE	pval_corr_phospho_no_int_weight=FALSE_prot=TRUE	NES_corr_phospho_no_int_weight=FALSE_prot=FALSE	pval_corr_phospho_no_int_weight=FALSE_prot=FALSE	NES_no_corr_phospho_int_weight=TRUE_prot=TRUE	pval_no_corr_phospho_int_weight=TRUE_prot=TRUE	NES_no_corr_phospho_int_weight=TRUE_prot=FALSE	pval_no_corr_phospho_int_weight=TRUE_prot=FALSE	NES_no_corr_phospho_int_weight=FALSE_prot=TRUE	pval_no_corr_phospho_int_weight=FALSE_prot=TRUE	NES_no_corr_phospho_int_weight=FALSE_prot=FALSE	pval_no_corr_phospho_int_weight=FALSE_prot=FALSE	NES_no_corr_phospho_no_int_weight=TRUE_prot=TRUE	pval_no_corr_phospho_no_int_weight=TRUE_prot=TRUE	NES_no_corr_phospho_no_int_weight=TRUE_prot=FALSE	pval_no_corr_phospho_no_int_weight=TRUE_prot=FALSE	NES_no_corr_phospho_no_int_weight=FALSE_prot=TRUE	pval_no_corr_phospho_no_int_weight=FALSE_prot=TRUE	NES_no_corr_phospho_no_int_weight=FALSE_prot=FALSE	pval_no_corr_phospho_no_int_weight=FALSE_prot=FALSE
P31749	AKT1	-2.6444930869478225	0.0016875766399726	kin	NA	NA	-1.1449139437002702	0.0016875766399726	NA	NA	NA	NA	NA	NA	NA	NA	NA	NA	-3.3762799707534588	0.0016875766399726	NA	NA	-1.6231251282902053	0.0016875766399726	NA	NA	NA	NA	NA	NA	NA	NA	NA	NA
O14965	AURKA	-2.6473456583156154	0.0325839239959167	kin	-2.6473456583156154	0.0325839239959167	-2.1371729905017443	0.0325839239959167	-2.1371729905017443	0.0325839239959167	-2.6897008676120366	0.0325839239959167	-2.6897008676120366	0.0325839239959167	-2.1371729905017443	0.0325839239959167	-2.1371729905017443	0.0325839239959167	-2.8586114300306864	0.02181135790587438	-2.8586114300306864	0.02181135790587438	-2.2936370059590856	0.02181135790587438	-2.2936370059590856	0.02181135790587438	-3.1707806140068753	0.02181135790587438	-3.1707806140068753	0.02181135790587438	-2.2936370059590856	0.02181135790587438	-2.2936370059590856	0.02181135790587438
Q8IWQ3	BRSK2	7.233064734120283	0.00170667515862201	kin	7.233064734120283	0.00170667515862201	3.1370319709253196	0.00170667515862201	3.1370319709253196	0.00170667515862201	NA	NA	NA	NA	NA	NA	NA	NA	5.768601129481851	0.00272138649848287	5.768601129481851	0.00272138649848287	2.9975730270245604	0.00272138649848287	2.9975730270245604	0.00272138649848287	NA	NA	NA	NA	NA	NA	NA	NA
Q13555	CAMK2G	-3.991924862274359	0.01222849785297841	kin	-3.991924862274359	0.01222849785297841	-2.5054809700254004	0.01222849785297841	-2.5054809700254004	0.01222849785297841	NA	NA	NA	NA	NA	NA	NA	NA	-2.3379915733463985	0.0339300709297621	-2.3379915733463985	0.0339300709297621	-2.1209017552879073	0.0339300709297621	-2.1209017552879073	0.0339300709297621	NA	NA	NA	NA	NA	NA	NA	NA
P211272;P21127	CDK11B	-16.84581527492671	1.8787542623809555e-5	kin	-16.84581527492671	1.8787542623809555e-5	-4.278833387158751	1.8787542623809555e-5	-4.278833387158751	1.8787542623809555e-5	-17.115333548635004	1.8787542623809555e-5	-17.115333548635004	1.8787542623809555e-5	-4.278833387158751	1.8787542623809555e-5	-4.278833387158751	1.8787542623809555e-5	-9.539858503216696	3.0241086913229394e-4	-9.539858503216696	3.0241086913229394e-4	-3.613226026219695	3.0241086913229394e-4	-3.613226026219695	3.0241086913229394e-4	-4.620283185306042	0.00803780491684228	-4.620283185306042	0.00803780491684228	-2.6504776332669566	0.00803780491684228	-2.6504776332669566	0.00803780491684228
O15111	CHUK	2.3887757402107437	0.04009392258261009	kin	2.3887757402107437	0.04009392258261009	2.052779964028615	0.04009392258261009	2.052779964028615	0.04009392258261009	2.426994057535884	0.04009392258261009	2.426994057535884	0.04009392258261009	2.052779964028615	0.04009392258261009	2.052779964028615	0.04009392258261009	NA	NA	NA	NA	NA	NA	NA	NA	NA	NA	NA	NA	NA	NA	NA	NA
Q13202	DUSP8	7.34124438373146	0.00160795712476039	phos	7.34124438373146	0.00160795712476039	3.154459467327624	0.00160795712476039	3.154459467327624	0.00160795712476039	7.458697856946196	0.00160795712476039	7.458697856946196	0.00160795712476039	3.154459467327624	0.00160795712476039	3.154459467327624	0.00160795712476039	3.095923696383947	0.01800611884488506	3.095923696383947	0.01800611884488506	2.3654922769059423	0.01800611884488506	2.3654922769059423	0.01800611884488506	3.4340081117052517	0.01800611884488506	3.4340081117052517	0.01800611884488506	2.3654922769059423	0.01800611884488506	2.3654922769059423	0.01800611884488506
P25098	GRK2	-2.912162426675773	0.02654447870033243	kin	-2.912162426675773	0.02654447870033243	-2.218151876445716	0.02654447870033243	-2.218151876445716	0.02654447870033243	NA	NA	NA	NA	NA	NA	NA	NA	NA	NA	NA	NA	NA	NA	NA	NA	NA	NA	NA	NA	NA	NA	NA	NA
P35626	GRK3	-2.628358416832605	0.03307552155080647	kin	-2.628358416832605	0.03307552155080647	-2.131165361463927	0.03307552155080647	-2.131165361463927	0.03307552155080647	NA	NA	NA	NA	NA	NA	NA	NA	NA	NA	NA	NA	NA	NA	NA	NA	NA	NA	NA	NA	NA	NA	NA	NA
P32298	GRK4	-5.39855576088728	0.00494536252021894	kin	-5.39855576088728	0.00494536252021894	-2.8105713327000172	0.00494536252021894	-2.8105713327000172	0.00494536252021894	NA	NA	NA	NA	NA	NA	NA	NA	NA	NA	NA	NA	NA	NA	NA	NA	NA	NA	NA	NA	NA	NA	NA	NA
P34947	GRK5	-6.661256545602435	0.00235093412834855	kin	-6.661256545602435	0.00235093412834855	-3.041895605924638	0.00235093412834855	-3.041895605924638	0.00235093412834855	NA	NA	NA	NA	NA	NA	NA	NA	-2.515115799885206	0.02908869521862992	-2.515115799885206	0.02908869521862992	-2.18228242590051	0.02908869521862992	-2.18228242590051	0.02908869521862992	NA	NA	NA	NA	NA	NA	NA	NA
P43250	GRK6	-17.269732774267204	1.5785416398769142e-5	kin	-17.269732774267204	1.5785416398769142e-5	-4.317433193566801	1.5785416398769142e-5	-4.317433193566801	1.5785416398769142e-5	NA	NA	NA	NA	NA	NA	NA	NA	-5.115266451182031	0.00416958749926003	-5.115266451182031	0.00416958749926003	-2.8650383444236116	0.00416958749926003	-2.8650383444236116	0.00416958749926003	NA	NA	NA	NA	NA	NA	NA	NA
P57058	HUNK	2.3005347394744726	0.04311345380095163	kin	2.3005347394744726	0.04311345380095163	2.0226092109377394	0.04311345380095163	2.0226092109377394	0.04311345380095163	NA	NA	NA	NA	NA	NA	NA	NA	NA	NA	NA	NA	NA	NA	NA	NA	NA	NA	NA	NA	NA	NA	NA	NA
Q14164	IKBKE	3.529099071460543	0.01686902196122586	kin	3.529099071460543	0.01686902196122586	2.3895501210726406	0.01686902196122586	2.3895501210726406	0.01686902196122586	3.5855615622312502	0.01686902196122586	3.5855615622312502	0.01686902196122586	2.3895501210726406	0.01686902196122586	2.3895501210726406	0.01686902196122586	NA	NA	NA	NA	NA	NA	NA	NA	NA	NA	NA	NA	NA	NA	NA	NA
P51617	IRAK1	4.68616338713701	0.00772872751029721	kin	4.68616338713701	0.00772872751029721	2.6636964251572848	0.00772872751029721	2.6636964251572848	0.00772872751029721	NA	NA	NA	NA	NA	NA	NA	NA	4.485283620364411	0.00640936545554614	4.485283620364411	0.00640936545554614	2.7260687096230116	0.00640936545554614	2.7260687096230116	0.00640936545554614	NA	NA	NA	NA	NA	NA	NA	NA
O43283	MAP3K13	-5.323472270326827	0.00517835986835436	kin	-5.323472270326827	0.00517835986835436	-2.7957240240582393	0.00517835986835436	-2.7957240240582393	0.00517835986835436	-5.408643158943182	0.00517835986835436	-5.408643158943182	0.00517835986835436	-2.7957240240582393	0.00517835986835436	-2.7957240240582393	0.00517835986835436	-5.427753245102826	0.00339227268128828	-5.427753245102826	0.00339227268128828	-2.929756907601433	0.00339227268128828	-2.929756907601433	0.00339227268128828	-6.020480638391698	0.00339227268128828	-6.020480638391698	0.00339227268128828	-2.929756907601433	0.00339227268128828	-2.929756907601433	0.00339227268128828
P41279	MAP3K8	4.221190683731519	0.01047863820572851	kin	4.221190683731519	0.01047863820572851	2.559620961849264	0.01047863820572851	2.559620961849264	0.01047863820572851	4.288726033461145	0.01047863820572851	4.288726033461145	0.01047863820572851	2.559620961849264	0.01047863820572851	2.559620961849264	0.01047863820572851	NA	NA	NA	NA	NA	NA	NA	NA	NA	NA	NA	NA	NA	NA	NA	NA
P28482	MAPK1	-0.2693934074137344	0.01307118105143567	kin	NA	NA	-0.17167918861555775	0.01307118105143567	NA	NA	-0.2737034657237416	0.01307118105143567	NA	NA	-0.17167918861555775	0.01307118105143567	NA	NA	-0.1052008173541547	0.01307118105143567	NA	NA	-0.07444455582650172	0.01307118105143567	NA	NA	-0.11668907104336704	0.01307118105143567	NA	NA	-0.07444455582650172	0.01307118105143567	NA	NA
Q9P0L2	MARK1	5.5229919687333755	0.00458432405682677	kin	5.5229919687333755	0.00458432405682677	2.834877638707871	0.00458432405682677	2.834877638707871	0.00458432405682677	NA	NA	NA	NA	NA	NA	NA	NA	8.710924725438966	4.75346440936658e-4	8.710924725438966	4.75346440936658e-4	3.4942776170819685	4.75346440936658e-4	3.4942776170819685	4.75346440936658e-4	NA	NA	NA	NA	NA	NA	NA	NA
Q7KZI7	MARK2	10.930622521326368	2.5708543196834114e-4	kin	10.930622521326368	2.5708543196834114e-4	3.655096326534983	2.5708543196834114e-4	3.655096326534983	2.5708543196834114e-4	NA	NA	NA	NA	NA	NA	NA	NA	14.821362132678546	2.206259898597815e-5	14.821362132678546	2.206259898597815e-5	4.242924181659105	2.206259898597815e-5	4.242924181659105	2.206259898597815e-5	NA	NA	NA	NA	NA	NA	NA	NA
P27448;P27448	MARK3	4.347274344885344	0.00963764461288987	kin	4.347274344885344	0.00963764461288987	2.58856610711141	0.00963764461288987	2.58856610711141	0.00963764461288987	NA	NA	NA	NA	NA	NA	NA	NA	5.201416560452892	0.00393734600647157	5.201416560452892	0.00393734600647157	2.883138245674993	0.00393734600647157	2.883138245674993	0.00393734600647157	NA	NA	NA	NA	NA	NA	NA	NA
Q96L34	MARK4	11.607158496141407	1.866062007420067e-4	kin	11.607158496141407	1.866062007420067e-4	3.736490897687245	1.866062007420067e-4	3.736490897687245	1.866062007420067e-4	NA	NA	NA	NA	NA	NA	NA	NA	9.85384506801042	2.557138342835953e-4	9.85384506801042	2.557138342835953e-4	3.6564684833967194	2.557138342835953e-4	3.6564684833967194	2.557138342835953e-4	NA	NA	NA	NA	NA	NA	NA	NA
Q96GX5	MASTL	17.233919815139146	1.6018403119923992e-5	kin	17.233919815139146	1.6018403119923992e-5	4.314197042661668	1.6018403119923992e-5	4.314197042661668	1.6018403119923992e-5	NA	NA	NA	NA	NA	NA	NA	NA	2.728515627486366	0.02428693160322904	2.728515627486366	0.02428693160322904	2.252559587877846	0.02428693160322904	2.252559587877846	0.02428693160322904	NA	NA	NA	NA	NA	NA	NA	NA
Q96PY6	NEK1	2.4417984983650185	0.03840008656307889	kin	2.4417984983650185	0.03840008656307889	2.07055836349599	0.03840008656307889	2.07055836349599	0.03840008656307889	NA	NA	NA	NA	NA	NA	NA	NA	NA	NA	NA	NA	NA	NA	NA	NA	NA	NA	NA	NA	NA	NA	NA	NA
P51956	NEK3	4.4618683650732764	0.00893860247037468	kin	4.4618683650732764	0.00893860247037468	2.6143934926104553	0.00893860247037468	2.6143934926104553	0.00893860247037468	NA	NA	NA	NA	NA	NA	NA	NA	NA	NA	NA	NA	NA	NA	NA	NA	NA	NA	NA	NA	NA	NA	NA	NA
Q8TD19	NEK9	3.3785477711295973	0.01878970884302952	kin	3.3785477711295973	0.01878970884302952	2.3496769877329617	0.01878970884302952	2.3496769877329617	0.01878970884302952	NA	NA	NA	NA	NA	NA	NA	NA	3.2007672617639855	0.01657156181186181	3.2007672617639855	0.01657156181186181	2.3960780357962905	0.01657156181186181	2.3960780357962905	0.01657156181186181	NA	NA	NA	NA	NA	NA	NA	NA
Q9Y478	PRKAB1	10.428765497966602	3.275126345534203e-4	kin	10.428765497966602	3.275126345534203e-4	3.592506378861881	3.275126345534203e-4	3.592506378861881	3.275126345534203e-4	10.595616601819325	3.275126345534203e-4	10.595616601819325	3.275126345534203e-4	3.592506378861881	3.275126345534203e-4	3.592506378861881	3.275126345534203e-4	3.537722559958717	0.01277083329942714	3.537722559958717	0.01277083329942714	2.4900967287127416	0.01277083329942714	2.4900967287127416	0.01277083329942714	6.442375533922447	0.00265354395805043	6.442375533922447	0.00265354395805043	3.005259449947242	0.00265354395805043	3.005259449947242	0.00265354395805043
P54619	PRKAG1	7.025768722353586	0.00191476606283247	kin	7.025768722353586	0.00191476606283247	3.103143755595238	0.00191476606283247	3.103143755595238	0.00191476606283247	7.186432497197225	0.00186475774744774	7.186432497197225	0.00186475774744774	3.11096700404773	0.00186475774744774	3.11096700404773	0.00186475774744774	2.7367990265326583	0.02411995295788392	2.7367990265326583	0.02411995295788392	2.255213149351422	0.02411995295788392	2.255213149351422	0.02411995295788392	3.2314650527923265	0.02085813133663488	3.2314650527923265	0.02085813133663488	2.3105426284008193	0.02085813133663488	2.3105426284008193	0.02085813133663488
Q9UGJ0	PRKAG2	4.173685463837663	0.01081667461686252	kin	4.173685463837663	0.01081667461686252	2.5485662294066045	0.01081667461686252	2.5485662294066045	0.01081667461686252	5.939394480244447	0.00377606919756355	5.939394480244447	0.00377606919756355	2.896286970757127	0.00377606919756355	2.896286970757127	0.00377606919756355	NA	NA	NA	NA	NA	NA	NA	NA	3.7696357443806368	0.01420627113864824	3.7696357443806368	0.01420627113864824	2.45200494056969	0.01420627113864824	2.45200494056969	0.01420627113864824
Q9UGI9	PRKAG3	7.025768722353586	0.00191476606283247	kin	7.025768722353586	0.00191476606283247	3.103143755595238	0.00191476606283247	3.103143755595238	0.00191476606283247	7.138174861600574	0.00191476606283247	7.138174861600574	0.00191476606283247	3.103143755595238	0.00191476606283247	3.103143755595238	0.00191476606283247	2.736170234800291	0.02413258159655933	2.736170234800291	0.02413258159655933	2.2550119040145304	0.02413258159655933	2.2550119040145304	0.02413258159655933	3.2314650527923265	0.02085813133663488	3.2314650527923265	0.02085813133663488	2.3105426284008193	0.02085813133663488	2.3105426284008193	0.02085813133663488
Q02156	PRKCE	-2.6150661581928887	0.03342485094678323	kin	-2.6150661581928887	0.03342485094678323	-2.1269426214776463	0.03342485094678323	-2.1269426214776463	0.03342485094678323	-2.656904923790548	0.03342485094678323	-2.656904923790548	0.03342485094678323	-2.1269426214776463	0.03342485094678323	-2.1269426214776463	0.03342485094678323	NA	NA	NA	NA	NA	NA	NA	NA	NA	NA	NA	NA	NA	NA	NA	NA
O75385	ULK1	5.55254032140403	0.00450293731217895	kin	5.55254032140403	0.00450293731217895	2.840595606452732	0.00450293731217895	2.840595606452732	0.00450293731217895	8.856954577820135	7.723507369650431e-4	8.856954577820135	7.723507369650431e-4	3.3625180603670715	7.723507369650431e-4	3.3625180603670715	7.723507369650431e-4	4.475229167892042	0.00645456778872865	4.475229167892042	0.00645456778872865	2.723748293558354	0.00645456778872865	2.723748293558354	0.00645456778872865	NA	NA	NA	NA	NA	NA	NA	NA
Q13535	ATR	NA	NA	kin	NA	NA	NA	NA	NA	NA	6.41404653840471	0.00287067385058233	6.41404653840471	0.00287067385058233	2.981257410663453	0.00287067385058233	2.981257410663453	0.00287067385058233	NA	NA	NA	NA	NA	NA	NA	NA	6.107532306501585	0.00322309789905903	6.107532306501585	0.00322309789905903	2.9456183764999975	0.00322309789905903	2.9456183764999975	0.00322309789905903
Q15131	CDK10	NA	NA	kin	NA	NA	NA	NA	NA	NA	-14.512133150131708	5.568026275713319e-5	-14.512133150131708	5.568026275713319e-5	-4.030407395064858	5.568026275713319e-5	-4.030407395064858	5.568026275713319e-5	NA	NA	NA	NA	NA	NA	NA	NA	-10.1334445690087	3.763311799189714e-4	-10.1334445690087	3.763311799189714e-4	-3.5561486615277405	3.763311799189714e-4	-3.5561486615277405	3.763311799189714e-4
Q00537	CDK17	NA	NA	kin	NA	NA	NA	NA	NA	NA	-14.924989800188271	4.66707651601835e-5	-14.924989800188271	4.66707651601835e-5	-4.071702492577593	4.66707651601835e-5	-4.071702492577593	4.66707651601835e-5	NA	NA	NA	NA	NA	NA	NA	NA	-10.1334445690087	3.763311799189714e-4	-10.1334445690087	3.763311799189714e-4	-3.5561486615277405	3.763311799189714e-4	-3.5561486615277405	3.763311799189714e-4
Q07002	CDK18	NA	NA	kin	NA	NA	NA	NA	NA	NA	-4.960225808632102	0.00682016465087433	-4.960225808632102	0.00682016465087433	-2.7055000085772316	0.00682016465087433	-2.7055000085772316	0.00682016465087433	NA	NA	NA	NA	NA	NA	NA	NA	-5.620095472433627	0.00430689085387135	-5.620095472433627	0.00430689085387135	-2.8547633454527825	0.00430689085387135	-2.8547633454527825	0.00430689085387135
Q9BWU1	CDK19	NA	NA	kin	NA	NA	NA	NA	NA	NA	-17.115333548635004	1.8787542623809555e-5	-17.115333548635004	1.8787542623809555e-5	-4.278833387158751	1.8787542623809555e-5	-4.278833387158751	1.8787542623809555e-5	NA	NA	NA	NA	NA	NA	NA	NA	-4.620283185306042	0.00803780491684228	-4.620283185306042	0.00803780491684228	-2.6504776332669566	0.00803780491684228	-2.6504776332669566	0.00803780491684228
Q00534	CDK6	NA	NA	kin	NA	NA	NA	NA	NA	NA	-5.469937579121234	0.00499021582653035	-5.469937579121234	0.00499021582653035	-2.807664677697153	0.00499021582653035	-2.807664677697153	0.00499021582653035	NA	NA	NA	NA	NA	NA	NA	NA	-4.557481866415924	0.00837170216360187	-4.557481866415924	0.00837170216360187	-2.636699236528666	0.00837170216360187	-2.636699236528666	0.00837170216360187
P49336	CDK8	NA	NA	kin	NA	NA	NA	NA	NA	NA	-14.924989800188271	4.66707651601835e-5	-14.924989800188271	4.66707651601835e-5	-4.071702492577593	4.66707651601835e-5	-4.071702492577593	4.66707651601835e-5	NA	NA	NA	NA	NA	NA	NA	NA	-10.1334445690087	3.763311799189714e-4	-10.1334445690087	3.763311799189714e-4	-3.5561486615277405	3.763311799189714e-4	-3.5561486615277405	3.763311799189714e-4
Q13177	PAK2	NA	NA	kin	NA	NA	NA	NA	NA	NA	-4.637111646743574	0.0083627339105514	-4.637111646743574	0.0083627339105514	-2.6370628360413426	0.0083627339105514	-2.6370628360413426	0.0083627339105514	-9.40670915203183	3.248901610163753e-4	-9.40670915203183	3.248901610163753e-4	-3.594600144930355	3.248901610163753e-4	-3.594600144930355	3.248901610163753e-4	-2.1424653753948286	0.0491312356480776	-2.1424653753948286	0.0491312356480776	-1.96745103491476	0.0491312356480776	-1.96745103491476	0.0491312356480776
P53350	PLK1	NA	NA	kin	NA	NA	NA	NA	NA	NA	-2.164425189918162	0.04973916293401569	-2.164425189918162	0.04973916293401569	-1.9622003524039453	0.04973916293401569	-1.9622003524039453	0.04973916293401569	NA	NA	NA	NA	NA	NA	NA	NA	NA	NA	NA	NA	NA	NA	NA	NA
Q13131	PRKAA1	NA	NA	kin	NA	NA	NA	NA	NA	NA	4.095796339666683	0.01190583141759144	4.095796339666683	0.01190583141759144	2.514923205144406	0.01190583141759144	2.514923205144406	0.01190583141759144	NA	NA	NA	NA	NA	NA	NA	NA	NA	NA	NA	NA	NA	NA	NA	NA
P78527	PRKDC	NA	NA	kin	NA	NA	NA	NA	NA	NA	8.754993390558402	8.136085627514575e-4	8.754993390558402	8.136085627514575e-4	3.3481231246563827	8.136085627514575e-4	3.3481231246563827	8.136085627514575e-4	11.85998294929281	9.116622541273108e-5	11.85998294929281	9.116622541273108e-5	3.9129743397152033	9.116622541273108e-5	3.9129743397152033	9.116622541273108e-5	17.280349804300076	1.5596737997769145e-5	17.280349804300076	1.5596737997769145e-5	4.320087451075019	1.5596737997769145e-5	4.320087451075019	1.5596737997769145e-5
Q9UHD2	TBK1	NA	NA	kin	NA	NA	NA	NA	NA	NA	3.8584982113043367	0.01397184539747051	3.8584982113043367	0.01397184539747051	2.4579864284962523	0.01397184539747051	2.4579864284962523	0.01397184539747051	NA	NA	NA	NA	NA	NA	NA	NA	NA	NA	NA	NA	NA	NA	NA	NA
Q16566	CAMK4	NA	NA	kin	NA	NA	NA	NA	NA	NA	NA	NA	NA	NA	NA	NA	NA	NA	2.080924557769268	0.04275293541251131	2.080924557769268	0.04275293541251131	2.026115643189985	0.04275293541251131	2.026115643189985	0.04275293541251131	NA	NA	NA	NA	NA	NA	NA	NA
O94921	CDK14	NA	NA	kin	NA	NA	NA	NA	NA	NA	NA	NA	NA	NA	NA	NA	NA	NA	-3.245756879546535	0.01599632481812495	-3.245756879546535	0.01599632481812495	-2.408999387642369	0.01599632481812495	-2.408999387642369	0.01599632481812495	NA	NA	NA	NA	NA	NA	NA	NA
Q8IZL9	CDK20	NA	NA	kin	NA	NA	NA	NA	NA	NA	NA	NA	NA	NA	NA	NA	NA	NA	-6.876390294226249	0.00136938549599761	-6.876390294226249	0.00136938549599761	-3.201027315902188	0.00136938549599761	-3.201027315902188	0.00136938549599761	NA	NA	NA	NA	NA	NA	NA	NA
Q9H422	HIPK3	NA	NA	kin	NA	NA	NA	NA	NA	NA	NA	NA	NA	NA	NA	NA	NA	NA	-3.5891514284725203	0.01228268651860441	-3.5891514284725203	0.01228268651860441	-2.503916940172795	0.01228268651860441	-2.503916940172795	0.01228268651860441	NA	NA	NA	NA	NA	NA	NA	NA
Q8NE63	HIPK4	NA	NA	kin	NA	NA	NA	NA	NA	NA	NA	NA	NA	NA	NA	NA	NA	NA	-2.86989403926614	0.0216107402539229	-2.86989403926614	0.0216107402539229	-2.297140777036415	0.0216107402539229	-2.297140777036415	0.0216107402539229	NA	NA	NA	NA	NA	NA	NA	NA
P53671	LIMK2	NA	NA	kin	NA	NA	NA	NA	NA	NA	NA	NA	NA	NA	NA	NA	NA	NA	0.6205726219226995	0.00374708350229707	NA	NA	0.3409330271222162	0.00374708350229707	NA	NA	0.6883410660520555	0.00374708350229707	NA	NA	0.3409330271222162	0.00374708350229707	NA	NA
Q9UBE8	NLK	NA	NA	kin	NA	NA	NA	NA	NA	NA	NA	NA	NA	NA	NA	NA	NA	NA	-3.271006395794819	0.01568347356766224	-3.271006395794819	0.01568347356766224	-2.416199317752885	0.01568347356766224	-2.416199317752885	0.01568347356766224	NA	NA	NA	NA	NA	NA	NA	NA
O60285	NUAK1	NA	NA	kin	NA	NA	NA	NA	NA	NA	NA	NA	NA	NA	NA	NA	NA	NA	2.322138093625448	0.03440775348548357	2.322138093625448	0.03440775348548357	2.1152604715378134	0.03440775348548357	2.1152604715378134	0.03440775348548357	NA	NA	NA	NA	NA	NA	NA	NA
Q13153	PAK1	NA	NA	kin	NA	NA	NA	NA	NA	NA	NA	NA	NA	NA	NA	NA	NA	NA	-4.1515233462705154	0.00811828546611302	-4.1515233462705154	0.00811828546611302	-2.6471103590488387	0.00811828546611302	-2.6471103590488387	0.00811828546611302	NA	NA	NA	NA	NA	NA	NA	NA
O75914	PAK3	NA	NA	kin	NA	NA	NA	NA	NA	NA	NA	NA	NA	NA	NA	NA	NA	NA	-6.714130914662718	0.00151044186132539	-6.714130914662718	0.00151044186132539	-3.1726698366968007	0.00151044186132539	-3.1726698366968007	0.00151044186132539	NA	NA	NA	NA	NA	NA	NA	NA
O96013	PAK4	NA	NA	kin	NA	NA	NA	NA	NA	NA	NA	NA	NA	NA	NA	NA	NA	NA	-12.776739352795149	5.8070709645339147e-5	-12.776739352795149	5.8070709645339147e-5	-4.020516386246851	5.8070709645339147e-5	-4.020516386246851	5.8070709645339147e-5	NA	NA	NA	NA	NA	NA	NA	NA
Q9P286	PAK5	NA	NA	kin	NA	NA	NA	NA	NA	NA	NA	NA	NA	NA	NA	NA	NA	NA	-3.030977518145265	0.01896591156867692	-3.030977518145265	0.01896591156867692	-2.346200310798656	0.01896591156867692	-2.346200310798656	0.01896591156867692	NA	NA	NA	NA	NA	NA	NA	NA
Q9NQU5	PAK6	NA	NA	kin	NA	NA	NA	NA	NA	NA	NA	NA	NA	NA	NA	NA	NA	NA	-6.541773073259243	0.0016777466935587	-6.541773073259243	0.0016777466935587	-3.142040775079472	0.0016777466935587	-3.142040775079472	0.0016777466935587	NA	NA	NA	NA	NA	NA	NA	NA
Q9BXM7	PINK1	NA	NA	kin	NA	NA	NA	NA	NA	NA	NA	NA	NA	NA	NA	NA	NA	NA	-2.1852359558304366	0.03887975351703372	-2.1852359558304366	0.03887975351703372	-2.065457281287434	0.03887975351703372	-2.065457281287434	0.03887975351703372	NA	NA	NA	NA	NA	NA	NA	NA
O00444	PLK4	NA	NA	kin	NA	NA	NA	NA	NA	NA	NA	NA	NA	NA	NA	NA	NA	NA	2.0751563182148236	0.04298016524134726	2.0751563182148236	0.04298016524134726	2.0239026887592386	0.04298016524134726	2.0239026887592386	0.04298016524134726	NA	NA	NA	NA	NA	NA	NA	NA
Q9H2G2	SLK	NA	NA	kin	NA	NA	NA	NA	NA	NA	NA	NA	NA	NA	NA	NA	NA	NA	-4.1578945805804715	0.00808124360985624	-4.1578945805804715	0.00808124360985624	-2.6486564460988755	0.00808124360985624	-2.6486564460988755	0.00808124360985624	NA	NA	NA	NA	NA	NA	NA	NA
Q9BYT3	STK33	NA	NA	kin	NA	NA	NA	NA	NA	NA	NA	NA	NA	NA	NA	NA	NA	NA	-4.455010762502367	0.00654654233981465	-4.455010762502367	0.00654654233981465	-2.719071661110827	0.00654654233981465	-2.719071661110827	0.00654654233981465	NA	NA	NA	NA	NA	NA	NA	NA
Q96PF2	TSSK2	NA	NA	kin	NA	NA	NA	NA	NA	NA	NA	NA	NA	NA	NA	NA	NA	NA	7.2542671055758285	0.00109319541301844	7.2542671055758285	0.00109319541301844	3.2653742289993932	0.00109319541301844	3.2653742289993932	0.00109319541301844	NA	NA	NA	NA	NA	NA	NA	NA
Q5TCY1	TTBK1	NA	NA	kin	NA	NA	NA	NA	NA	NA	NA	NA	NA	NA	NA	NA	NA	NA	4.526989970974631	0.00622558621690123	4.526989970974631	0.00622558621690123	2.7356570966527505	0.00622558621690123	2.7356570966527505	0.00622558621690123	NA	NA	NA	NA	NA	NA	NA	NA
Q99986	VRK1	NA	NA	kin	NA	NA	NA	NA	NA	NA	NA	NA	NA	NA	NA	NA	NA	NA	4.134464651842973	0.00821840166415515	4.134464651842973	0.00821840166415515	2.642962995759049	0.00821840166415515	2.642962995759049	0.00821840166415515	NA	NA	NA	NA	NA	NA	NA	NA
Q13315	ATM	NA	NA	kin	NA	NA	NA	NA	NA	NA	NA	NA	NA	NA	NA	NA	NA	NA	NA	NA	NA	NA	NA	NA	NA	NA	5.427071187005733	0.00484245533158615	5.427071187005733	0.00484245533158615	2.8173312546453895	0.00484245533158615	2.8173312546453895	0.00484245533158615
P11802	CDK4	NA	NA	kin	NA	NA	NA	NA	NA	NA	NA	NA	NA	NA	NA	NA	NA	NA	NA	NA	NA	NA	NA	NA	NA	NA	-9.15453601734172	6.140708461049452e-4	-9.15453601734172	6.140708461049452e-4	-3.4253221412451795	6.140708461049452e-4	-3.4253221412451795	6.140708461049452e-4
P51812	RPS6KA3	NA	NA	kin	NA	NA	NA	NA	NA	NA	NA	NA	NA	NA	NA	NA	NA	NA	NA	NA	NA	NA	NA	NA	NA	NA	3.5694370933110537	0.01634823095897563	3.5694370933110537	0.01634823095897563	2.4010471258111545	0.01634823095897563	2.4010471258111545	0.01634823095897563
