name,solution
aD1,1
aD2,0
aD3,1
aD4,0
aD5,1
aD6,0
aD7,0
aD8,1
aD9,1
aD10,1
aD11,0
aD12,1
aD13,0
aD14,1
aD15,1
aD16,0
aD17,0
aD18,0
aD19,0
aD20,0
aD21,1
aD22,1
aD23,1
aD24,0
aD25,1
aD26,0
aD27,1
aD28,1
aD29,1
aD30,1
aD31,0
aD32,0
aD33,0
aD34,0
aD35,0
aD36,1
aD37,1
aD38,0
aD39,0
aD40,0
aD41,0
aD42,0
aD43,1
aD44,0
aD45,0
aD46,1
aD47,0
aD48,0
aD49,0
aD50,1
aD51,0
aD52,0
aD53,0
aD54,0
aD55,0
aD56,0
aD57,0
aD58,0
aD59,0
aD60,1
aD61,1
aD62,0
aD63,0
aD64,0
nU1,0
nU2,0
nU3,1
nU4,0
nU5,0
nU6,0
nU7,0
nU8,0
nU9,0
nU10,1
nU11,0
nU12,0
nU13,0
nU14,0
nU15,0
nU16,0
nU17,0
nU18,0
nU19,0
nU20,0
nU21,0
nU22,1
nU23,0
nU24,0
nU25,0
nU26,0
nU27,1
nU28,0
nU29,0
nU30,0
nU31,1
nU32,0
nU33,0
nU34,1
nU35,0
nU36,0
nU37,0
nU38,0
nU39,0
nU40,0
nU41,0
nU42,0
nU43,0
nU44,1
nU45,1
nU46,0
nU47,0
nU48,0
nU49,0
nU50,0
nU51,0
nU52,0
nU53,0
nU54,0
nU55,0
nU56,0
nU57,0
nU58,0
nU59,0
nU60,0
nU61,0
nU62,0
nU63,0
nU64,0
nU65,0
nU66,1
nU67,0
nU68,0
nU69,0
nU70,0
nU71,0
nU72,0
nU73,0
nU74,0
nU75,0
nU76,0
nU77,1
nU78,0
nU79,0
nU80,0
nU81,0
nU82,0
nU83,0
nU84,0
nU85,0
nU86,0
nU87,0
nU88,0
nU89,1
nU90,0
nU91,0
nU92,0
nU93,0
nU94,0
nU95,0
nU96,1
nU97,1
nU98,0
nU99,1
nU100,0
nU101,0
nU102,1
nU103,0
nU104,0
nU105,0
nU106,1
nU107,1
nU108,0
nU109,0
nU110,1
nU111,0
nU112,0
nU113,1
nU114,1
nU115,1
nU116,1
nU117,0
nU118,0
nU119,0
nU120,0
nU121,0
nU122,1
nU123,0
nU124,0
nU125,0
nU126,0
nU127,0
nU128,0
nU129,0
nU130,0
nU131,0
nU132,1
nU133,1
nU134,0
nU135,0
nU136,0
nU137,0
nU138,1
nU139,0
nU140,0
nU141,1
nU142,0
nU143,0
nU144,0
nU145,0
nU146,0
nU147,0
nU148,0
nU149,1
nU150,0
nU151,1
nU152,0
nU153,0
nU154,0
nU155,0
nU156,0
nU157,0
nU158,0
nU159,0
nU160,0
nU161,1
nU162,0
nU163,0
nU164,0
nU165,0
nU166,0
nU167,0
nU168,1
nU169,0
nU170,0
nU171,0
nU172,0
nU173,0
nU174,0
nU175,1
nU176,1
nU177,1
nU178,1
nU179,1
nU180,0
nU181,0
nU182,1
nU183,0
nU184,1
nU185,0
nU186,0
nU187,0
nU188,0
nU189,0
nU190,0
nU191,0
nU192,0
nU193,0
nU194,0
nU195,0
nU196,0
nU197,0
nU198,0
nU199,0
nU200,0
nU201,0
nU202,0
nU203,0
nU204,0
nU205,0
nU206,0
nU207,0
nU208,0
nU209,0
nU210,0
nU211,1
nU212,1
nU213,0
nU214,1
nU215,0
nU216,0
nD1,1
nD2,0
nD3,0
nD4,0
nD5,1
nD6,0
nD7,0
nD8,0
nD9,0
nD10,0
nD11,0
nD12,0
nD13,0
nD14,1
nD15,0
nD16,0
nD17,0
nD18,0
nD19,0
nD20,0
nD21,0
nD22,0
nD23,0
nD24,0
nD25,0
nD26,0
nD27,0
nD28,0
nD29,0
nD30,0
nD31,0
nD32,0
nD33,0
nD34,0
nD35,0
nD36,0
nD37,0
nD38,0
nD39,0
nD40,0
nD41,0
nD42,0
nD43,0
nD44,0
nD45,0
nD46,0
nD47,0
nD48,0
nD49,0
nD50,0
nD51,0
nD52,0
nD53,0
nD54,0
nD55,0
nD56,1
nD57,0
nD58,0
nD59,0
nD60,0
nD61,1
nD62,0
nD63,0
nD64,0
nD65,0
nD66,0
nD67,0
nD68,1
nD69,0
nD70,1
nD71,0
nD72,0
nD73,0
nD74,0
nD75,0
nD76,0
nD77,0
nD78,1
nD79,0
nD80,0
nD81,0
nD82,0
nD83,0
nD84,0
nD85,0
nD86,0
nD87,0
nD88,0
nD89,0
nD90,0
nD91,0
nD92,0
nD93,0
nD94,0
nD95,0
nD96,0
nD97,0
nD98,0
nD99,0
nD100,0
nD101,0
nD102,0
nD103,1
nD104,0
nD105,0
nD106,0
nD107,0
nD108,0
nD109,0
nD110,0
nD111,0
nD112,0
nD113,0
nD114,0
nD115,0
nD116,0
nD117,0
nD118,0
nD119,0
nD120,0
nD121,0
nD122,0
nD123,0
nD124,0
nD125,0
nD126,0
nD127,0
nD128,0
nD129,0
nD130,0
nD131,0
nD132,0
nD133,0
nD134,0
nD135,0
nD136,0
nD137,0
nD138,0
nD139,0
nD140,0
nD141,0
nD142,0
nD143,1
nD144,0
nD145,0
nD146,0
nD147,0
nD148,0
nD149,0
nD150,0
nD151,0
nD152,0
nD153,0
nD154,1
nD155,1
nD156,0
nD157,0
nD158,0
nD159,1
nD160,0
nD161,0
nD162,0
nD163,0
nD164,1
nD165,0
nD166,1
nD167,0
nD168,0
nD169,1
nD170,0
nD171,0
nD172,0
nD173,0
nD174,0
nD175,0
nD176,0
nD177,0
nD178,0
nD179,0
nD180,0
nD181,0
nD182,0
nD183,0
nD184,0
nD185,0
nD186,0
nD187,0
nD188,0
nD189,0
nD190,1
nD191,0
nD192,0
nD193,0
nD194,0
nD195,0
nD196,1
nD197,0
nD198,0
nD199,0
nD200,0
nD201,1
nD202,0
nD203,0
nD204,0
nD205,0
nD206,0
nD207,0
nD208,1
nD209,0
nD210,1
nD211,0
nD212,0
nD213,1
nD214,0
nD215,0
nD216,1
n2,0
n10,1
n27,1
n28,0
n29,0
n30,0
n31,1
n32,0
n34,1
n35,0
n44,1
n45,1
n214,1
n66,1
n75,0
n211,1
n89,1
n94,0
n95,0
n96,1
n99,1
n106,1
n107,1
n110,1
n111,0
n112,0
n113,1
n114,1
n115,1
n116,1
n122,1
n127,0
n133,1
n157,0
n161,1
n165,0
n168,1
n175,1
n212,1
n176,1
n177,1
n178,1
n179,1
n180,0
n181,0
n182,1
n5,-1
n8,0
n21,0
n216,-1
n43,0
n56,-1
n69,0
n73,0
n83,0
n90,0
n92,0
n155,-1
n159,-1
n164,-1
n166,-1
n169,-1
n213,-1
n210,-1
eU2,0
n1,-1
eU4,0
eU5,0
eU7,0
eU8,0
eU9,0
eU11,0
eU12,0
eU14,0
eU15,0
eU18,0
eU19,0
eU20,0
eU21,0
eU23,0
eU25,0
eU27,0
eU29,0
eU30,0
eU31,0
eU33,0
eU35,0
eU37,0
eU38,0
eU39,0
eU41,0
eU43,0
eU44,0
eU47,0
eU49,0
eU51,0
eU53,0
eU55,0
eU56,0
eU58,0
eU60,0
eU64,0
eU66,0
eU68,0
eU69,0
eU72,0
eU74,0
eU76,0
eU78,0
eU79,0
eU82,0
eU84,0
eU86,0
eU88,0
eU93,1
n3,1
eU94,1
eU95,1
eU97,1
eU98,1
eU102,1
eU104,1
eU105,1
eU113,0
eU114,0
eU115,0
eU116,0
eU117,0
eU119,0
eU120,0
eU122,0
eU123,0
eU124,0
eU125,0
eU126,0
eU129,0
eU131,0
eU132,0
eU134,0
eU135,0
eU136,0
eU137,0
eU138,0
eU139,0
eU141,0
eU143,0
n6,0
eU144,0
eU145,0
eU148,0
eU151,0
n7,0
eU153,0
eU155,0
eU157,0
eU158,0
eU159,0
eU161,0
eU162,0
eU163,0
n9,0
eU164,0
eU166,0
eU167,1
eU168,1
eU169,1
eU171,0
n11,0
eU172,0
eU173,0
n12,0
eU176,0
n14,-1
eU177,0
eU178,0
n15,0
eU179,0
eU180,0
n16,0
eU181,0
n17,0
eU182,0
eU183,0
n18,0
eU184,0
eU185,0
n19,0
eU186,0
eU190,0
n20,0
eU191,0
eU208,0
n23,0
eU209,0
n24,0
eU210,0
eU211,0
eU214,0
n25,0
eU215,0
n26,0
eU216,1
eU218,0
eU220,0
eU222,0
eU223,0
eU225,0
eU226,0
eU228,0
eU230,0
eU232,0
eU234,0
eU235,0
eU236,0
eU237,0
eU240,0
eU244,0
eU246,0
eU248,0
eU250,0
eU251,0
eU253,0
eU254,0
eU255,0
eU256,0
eU258,0
eU259,0
eU261,0
eU262,0
eU264,0
eU265,0
eU266,1
eU267,1
eU268,1
eU269,1
eU271,1
eU272,1
eU274,1
eU276,1
eU278,1
eU279,1
eU280,1
eU282,1
eU283,1
eU285,1
eU287,1
eU288,1
eU289,1
eU291,1
eU294,1
eU296,1
eU298,0
eU299,0
n33,0
eU301,0
eU304,1
eU306,1
eU308,1
eU309,1
eU310,0
eU312,0
eU322,0
n39,0
eU323,0
eU327,0
eU328,0
eU330,0
eU332,0
eU334,0
eU335,0
eU337,0
n40,0
eU338,0
eU339,0
eU341,0
eU343,0
n41,0
eU344,0
eU345,0
eU346,0
eU348,0
n42,0
eU349,0
eU350,0
eU351,0
eU357,1
eU358,1
eU360,1
eU362,1
eU363,1
eU365,1
eU367,1
eU368,1
eU369,1
eU371,1
eU373,1
eU374,1
eU376,1
eU377,1
eU379,1
eU380,1
eU381,1
eU382,1
eU383,1
eU385,1
eU386,1
eU387,1
eU389,1
eU390,1
eU391,1
eU392,1
eU394,1
eU396,1
eU397,1
eU398,1
eU399,1
eU401,0
n46,0
eU402,0
eU403,0
eU404,0
n47,0
eU405,0
eU417,0
n49,0
eU419,0
n50,0
eU421,0
n51,0
eU422,0
eU427,0
n53,0
eU429,0
eU430,0
eU431,0
eU432,0
eU434,0
n54,0
eU435,0
eU436,0
n55,0
eU439,0
eU442,0
eU444,0
eU446,1
n57,1
eU450,1
eU452,1
eU454,1
eU455,1
eU456,1
eU457,1
eU458,1
eU459,1
eU460,1
eU461,1
eU462,1
eU463,1
eU465,1
eU468,1
eU470,1
eU471,1
eU472,1
eU473,1
eU474,1
eU475,1
eU476,1
eU477,1
eU479,0
n58,0
eU481,0
eU482,0
n59,0
eU483,0
n60,0
eU484,0
eU485,0
eU486,0
eU487,0
eU488,0
eU489,0
eU491,0
n61,-1
eU493,0
n62,0
eU494,0
eU495,0
eU496,0
eU497,0
eU498,0
n63,0
eU499,0
eU500,0
eU501,0
n64,0
eU505,1
eU507,1
eU508,1
eU509,1
eU510,1
eU511,0
n67,0
eU512,0
n68,-1
eU513,0
eU514,0
eU515,0
eU518,0
eU520,0
eU521,0
eU524,0
eU525,0
eU526,0
eU527,0
eU530,0
n71,-0
eU531,0
n72,0
eU532,0
eU533,0
eU534,0
eU537,0
n74,0
eU539,0
eU542,0
eU543,0
eU545,0
eU546,0
eU550,0
eU552,0
eU553,0
eU555,0
eU556,0
eU558,0
eU561,0
eU563,0
eU566,0
eU569,0
eU571,0
eU572,0
eU575,0
eU580,0
eU582,0
eU584,0
eU588,1
n77,1
eU598,0
n79,0
eU599,0
eU601,0
n80,0
eU602,0
eU603,0
eU604,0
n81,0
eU606,0
eU607,0
eU608,0
eU610,0
eU612,0
eU614,0
n82,-0
eU617,0
eU619,0
eU620,0
eU624,0
eU626,0
eU627,0
eU630,0
n84,0
eU631,0
n85,0
eU632,0
eU633,0
eU635,0
eU637,0
eU638,0
eU639,0
eU640,0
eU641,0
eU642,0
eU644,0
eU646,0
eU648,0
n87,0
eU650,0
n88,0
eU651,0
eU652,0
eU653,1
eU654,0
eU656,0
eU657,0
eU658,0
eU661,0
eU663,0
eU664,0
eU665,0
eU666,0
eU667,0
n91,0
eU668,0
eU669,0
eU672,0
eU673,0
eU674,0
eU676,0
eU677,0
n93,0
eU678,0
eU679,0
eU680,0
eU681,0
eU682,0
eU683,0
eU685,0
eU687,0
eU688,0
eU689,0
eU691,0
eU692,1
eU693,1
eU694,1
eU695,1
eU696,1
n97,1
eU697,1
eU698,1
eU699,1
eU700,1
eU701,1
eU702,1
eU703,0
n98,0
eU704,0
eU705,0
eU706,1
eU707,0
n100,0
eU708,0
n101,0
eU709,0
eU710,1
n102,1
eU711,1
eU712,1
eU713,1
eU714,1
eU716,0
n103,-1
eU718,0
eU719,0
eU720,0
eU721,0
eU722,0
eU724,0
n104,0
eU725,0
eU726,0
eU728,0
eU729,0
eU730,0
eU731,0
eU732,0
eU733,0
eU736,0
n105,0
eU740,1
eU741,1
eU742,1
eU744,1
eU746,1
eU747,1
eU748,1
eU750,1
eU752,1
eU753,1
eU754,1
eU756,1
eU757,1
eU759,1
eU761,1
eU762,1
eU765,1
eU766,1
eU768,1
eU770,1
eU771,1
eU773,1
eU775,1
eU778,1
eU780,1
eU783,1
eU785,1
eU786,1
eU787,1
eU788,1
eU789,1
eU792,1
eU794,1
eU797,1
eU799,1
eU801,1
eU803,1
eU804,1
eU807,1
eU810,1
eU811,0
n108,0
eU812,0
eU816,0
n109,0
eU818,1
eU821,1
eU823,1
eU826,1
eU827,1
eU828,1
eU830,1
eU832,1
eU834,1
eU835,1
eU836,1
eU837,1
eU839,1
eU841,1
eU842,1
eU843,1
eU844,1
eU845,1
eU847,1
eU849,1
eU850,1
eU851,0
eU855,0
eU856,0
eU857,0
eU859,0
eU861,0
eU862,0
eU865,0
eU867,0
eU868,0
eU870,0
eU872,0
eU873,0
eU876,0
eU877,0
eU879,0
eU881,0
eU882,0
eU884,0
eU888,0
eU891,0
eU893,0
eU895,0
eU896,0
eU897,0
eU898,0
eU899,0
eU900,0
eU901,0
eU904,0
eU907,0
eU908,0
eU910,0
eU912,0
eU914,0
eU915,1
eU918,1
eU919,1
eU921,1
eU923,1
eU924,1
eU925,1
eU927,1
eU928,1
eU929,1
eU932,1
eU934,1
eU936,1
eU938,1
eU939,1
eU940,1
eU942,1
eU943,1
eU945,1
eU947,1
eU949,1
eU950,1
eU951,1
eU953,1
eU954,1
eU956,1
eU958,1
eU960,1
eU963,1
eU965,1
eU966,1
eU967,1
eU969,1
eU972,1
eU974,1
eU979,0
n117,0
eU981,0
n118,0
eU982,0
n119,0
eU983,0
eU984,0
eU985,0
eU987,0
n120,0
eU989,0
n121,0
eU990,1
eU992,1
eU994,1
eU996,1
eU998,1
eU1000,1
eU1001,1
eU1002,1
eU1003,1
eU1004,1
eU1005,1
eU1006,1
eU1007,1
eU1008,0
n123,0
eU1010,0
eU1011,0
eU1012,0
eU1016,0
eU1020,0
n125,0
eU1021,0
n126,0
eU1022,0
eU1023,0
eU1025,0
eU1026,0
eU1027,0
eU1029,0
eU1030,0
eU1031,0
n128,0
eU1032,0
eU1034,0
n129,0
eU1035,0
eU1037,0
eU1039,0
eU1040,0
eU1041,0
eU1042,0
eU1044,0
n131,0
eU1045,1
n132,1
eU1046,1
eU1047,1
eU1049,1
eU1050,1
eU1051,1
eU1053,1
eU1055,1
eU1057,1
eU1059,1
eU1060,1
eU1061,1
eU1062,0
n134,0
eU1064,0
n135,0
eU1066,0
n136,0
eU1067,0
eU1068,0
eU1069,0
eU1070,0
eU1071,0
eU1072,0
eU1073,0
n137,0
eU1075,0
eU1076,0
eU1077,0
eU1079,0
eU1081,0
eU1082,0
eU1083,0
eU1084,0
eU1085,0
eU1086,0
eU1087,0
eU1088,0
eU1089,0
eU1090,0
eU1091,1
n138,1
eU1092,1
eU1093,0
n139,0
eU1095,0
n140,0
eU1097,0
eU1098,0
eU1100,1
n141,1
eU1101,1
eU1102,1
eU1103,0
n142,0
eU1105,0
eU1107,0
n143,-1
eU1108,0
eU1109,0
eU1116,0
n146,0
eU1124,1
n149,1
eU1131,1
eU1134,1
eU1139,1
eU1142,0
n150,0
eU1144,0
eU1146,0
eU1150,0
eU1151,0
eU1154,1
n151,1
eU1156,1
eU1157,1
eU1159,1
eU1160,0
n152,0
eU1162,0
eU1165,0
eU1167,0
eU1172,0
eU1176,0
eU1178,0
eU1179,0
eU1180,0
eU1182,0
eU1185,0
eU1187,0
eU1190,0
eU1192,0
eU1193,0
eU1194,0
eU1196,0
eU1198,0
eU1199,0
eU1200,0
eU1202,0
eU1203,0
n153,0
eU1206,0
eU1210,0
eU1211,0
eU1212,0
eU1213,0
eU1218,0
n154,-1
eU1221,0
eU1224,0
eU1226,0
eU1228,0
eU1229,0
eU1230,0
eU1231,0
eU1232,0
eU1233,0
eU1235,0
eU1238,0
eU1239,0
eU1242,0
eU1244,0
eU1246,0
eU1248,0
eU1250,0
eU1251,0
eU1255,0
eU1256,0
n158,0
eU1258,0
eU1259,0
eU1261,0
eU1263,0
eU1264,0
eU1265,0
eU1267,0
eU1269,0
eU1271,0
eU1272,0
eU1273,0
eU1275,0
eU1280,1
eU1284,0
n162,0
eU1286,0
eU1287,0
eU1288,0
eU1289,0
eU1302,0
n163,0
eU1307,0
eU1308,0
eU1309,0
eU1310,0
eU1313,0
eU1319,0
eU1321,0
eU1322,0
n167,0
eU1323,0
eU1324,0
eU1325,0
eU1326,1
eU1327,1
eU1334,0
n171,0
eU1335,0
eU1336,0
eU1337,0
eU1338,0
n172,0
eU1339,0
eU1340,0
eU1342,0
eU1343,0
eU1345,0
eU1346,0
eU1348,0
eU1349,0
eU1351,0
n173,0
eU1355,1
eU1357,1
eU1360,1
eU1361,1
eU1363,1
eU1364,1
eU1366,1
eU1369,1
eU1370,1
eU1371,1
eU1373,1
eU1375,1
eU1377,1
eU1379,1
eU1381,1
eU1382,1
eU1384,1
eU1386,1
eU1388,1
eU1390,1
eU1392,1
eU1394,1
eU1396,1
eU1397,1
eU1399,1
eU1400,1
eU1401,1
eU1402,1
eU1405,0
eU1407,0
eU1408,0
eU1412,0
eU1414,0
eU1415,1
eU1417,1
eU1419,1
eU1422,0
n183,0
eU1423,1
n184,1
eU1425,1
eU1426,1
eU1428,1
eU1430,1
eU1432,1
eU1433,1
eU1435,1
eU1436,0
n185,0
eU1437,0
eU1445,0
n186,0
eU1447,0
n187,0
eU1448,0
eU1449,0
n188,0
eU1452,0
n190,-1
eU1453,0
eU1455,0
n192,0
eU1456,0
eU1457,0
eU1458,0
eU1462,0
eU1463,0
eU1465,0
eU1466,0
eU1467,0
eU1468,0
eU1469,0
eU1470,0
eU1471,0
eU1472,0
eU1473,0
eU1474,0
eU1475,0
eU1476,0
eU1477,0
eU1478,0
eU1479,0
eU1480,0
eU1482,0
eU1484,0
eU1485,0
eU1486,0
eU1489,0
eU1490,0
eU1491,0
eU1493,0
eU1495,0
eU1497,0
eU1501,0
n194,0
eU1502,0
eU1503,0
eU1504,0
n195,0
eU1506,0
eU1507,0
eU1509,0
n196,-1
eU1510,0
eU1512,0
eU1513,0
eU1515,0
eU1517,0
n197,0
eU1519,0
eU1520,0
eU1522,0
eU1524,0
n198,0
eU1526,0
eU1527,0
eU1528,0
n199,0
eU1529,0
eU1530,0
eU1531,0
n200,0
eU1532,0
eU1534,0
eU1536,0
n201,-1
eU1538,0
eU1539,0
eU1540,0
n202,0
eU1541,0
n203,0
eU1543,0
eU1544,0
n204,0
eU1545,0
eU1548,0
n206,0
eU1549,0
eU1550,0
eU1552,0
n207,0
eU1554,0
n208,-1
eU1555,0
eU1556,0
eU1557,0
eU1558,0
n209,0
eU1560,0
eU1563,0
eU1564,0
eU1565,0
eU1567,0
eU1,1
eU3,1
eU6,1
eU10,1
eU13,1
eU16,1
eU17,1
eU22,1
eU24,1
eU26,0
eU28,0
eU32,0
eU34,0
eU36,0
eU40,0
eU42,0
eU45,0
eU46,0
eU48,0
eU50,0
eU52,0
eU54,0
eU57,0
eU59,0
eU61,0
eU62,0
eU63,0
eU65,0
eU67,0
eU70,0
eU71,0
eU73,0
eU75,0
eU77,0
eU80,0
eU81,0
eU83,0
eU85,0
eU87,0
eU89,0
eU90,0
eU91,0
eU92,0
eU96,0
eU99,0
eU100,0
eU101,0
eU103,0
eU106,0
eU107,0
eU108,0
eU109,0
eU110,0
n4,0
eU111,0
eU112,0
eU118,1
eU121,1
eU127,1
eU128,1
eU130,1
eU133,1
eU140,1
eU142,1
eU146,0
eU147,0
eU149,0
eU150,0
eU152,0
eU154,0
eU156,0
eU160,0
eU165,0
eU170,0
eU174,0
eU175,0
n13,0
eU187,0
eU188,0
eU189,0
eU192,0
eU193,0
eU194,0
eU195,0
n22,1
eU196,0
eU197,0
eU198,0
eU199,0
eU200,0
eU201,0
eU202,0
eU203,0
eU204,0
eU205,0
eU206,0
eU207,0
eU212,0
eU213,0
eU217,0
eU219,0
eU221,0
eU224,0
eU227,0
eU229,0
eU231,0
eU233,0
eU238,0
eU239,0
eU241,0
eU242,0
eU243,0
eU245,0
eU247,0
eU249,0
eU252,0
eU257,0
eU260,0
eU263,0
eU270,0
eU273,0
eU275,0
eU277,0
eU281,0
eU284,0
eU286,0
eU290,0
eU292,0
eU293,0
eU295,0
eU297,0
eU300,0
eU302,0
eU303,0
eU305,0
eU307,0
eU311,0
eU313,0
n36,0
eU314,0
eU315,0
eU316,0
eU317,0
n37,0
eU318,0
eU319,0
n38,0
eU320,0
eU321,0
eU324,0
eU325,0
eU326,0
eU329,0
eU331,0
eU333,0
eU336,0
eU340,0
eU342,0
eU347,0
eU352,0
eU353,0
eU354,0
eU355,0
eU356,0
eU359,0
eU361,0
eU364,0
eU366,0
eU370,0
eU372,0
eU375,0
eU378,0
eU384,0
eU388,0
eU393,0
eU395,0
eU400,0
eU406,0
n48,0
eU407,0
eU408,0
eU409,0
eU410,0
eU411,0
eU412,0
eU413,0
eU414,0
eU415,0
eU416,0
eU418,0
eU420,0
eU423,0
n52,0
eU424,0
eU425,0
eU426,0
eU428,0
eU433,0
eU437,0
eU438,0
eU440,0
eU441,1
eU443,1
eU445,1
eU447,0
eU448,0
eU449,0
eU451,0
eU453,0
eU464,0
eU466,0
eU467,0
eU469,0
eU478,0
eU480,0
eU490,0
eU492,0
eU502,0
n65,0
eU503,0
eU504,0
eU506,0
eU516,0
eU517,0
eU519,0
eU522,0
eU523,0
eU528,0
eU529,1
n70,-1
eU535,0
eU536,0
eU538,0
eU540,0
eU541,0
eU544,0
eU547,0
eU548,0
eU549,0
eU551,0
eU554,0
eU557,0
eU559,0
eU560,0
eU562,0
eU564,0
eU565,0
eU567,0
eU568,0
eU570,0
eU573,0
eU574,0
eU576,0
eU577,0
eU578,0
eU579,0
eU581,0
eU583,0
eU585,0
eU586,0
eU587,0
n76,0
eU589,0
eU590,0
eU591,0
eU592,0
eU593,0
eU594,1
n78,-1
eU595,1
eU596,1
eU597,1
eU600,0
eU605,0
eU609,0
eU611,0
eU613,0
eU615,0
eU616,0
eU618,0
eU621,0
eU622,0
eU623,0
eU625,0
eU628,0
eU629,0
eU634,0
eU636,0
eU643,0
eU645,0
eU647,0
n86,0
eU649,0
eU655,0
eU659,0
eU660,0
eU662,0
eU670,0
eU671,0
eU675,0
eU684,0
eU686,0
eU690,0
eU715,1
eU717,1
eU723,1
eU727,0
eU734,0
eU735,0
eU737,0
eU738,0
eU739,0
eU743,0
eU745,0
eU749,0
eU751,0
eU755,0
eU758,0
eU760,0
eU763,0
eU764,0
eU767,0
eU769,0
eU772,0
eU774,0
eU776,0
eU777,0
eU779,0
eU781,0
eU782,0
eU784,0
eU790,0
eU791,0
eU793,0
eU795,0
eU796,0
eU798,0
eU800,0
eU802,0
eU805,0
eU806,0
eU808,0
eU809,0
eU813,0
eU814,0
eU815,0
eU817,0
eU819,0
eU820,0
eU822,0
eU824,0
eU825,0
eU829,0
eU831,0
eU833,0
eU838,0
eU840,0
eU846,0
eU848,0
eU852,0
eU853,0
eU854,0
eU858,0
eU860,0
eU863,0
eU864,0
eU866,0
eU869,0
eU871,0
eU874,0
eU875,0
eU878,0
eU880,0
eU883,0
eU885,0
eU886,0
eU887,0
eU889,0
eU890,0
eU892,0
eU894,0
eU902,0
eU903,0
eU905,0
eU906,0
eU909,0
eU911,0
eU913,0
eU916,0
eU917,0
eU920,0
eU922,0
eU926,0
eU930,0
eU931,0
eU933,0
eU935,0
eU937,0
eU941,0
eU944,0
eU946,0
eU948,0
eU952,0
eU955,0
eU957,0
eU959,0
eU961,0
eU962,0
eU964,0
eU968,0
eU970,0
eU971,0
eU973,0
eU975,0
eU976,0
eU977,0
eU978,0
eU980,0
eU986,0
eU988,0
eU991,0
eU993,0
eU995,0
eU997,0
eU999,0
eU1009,0
eU1013,0
eU1014,0
eU1015,0
eU1017,0
eU1018,0
n124,0
eU1019,0
eU1024,0
eU1028,0
eU1033,0
eU1036,0
eU1038,0
eU1043,0
n130,0
eU1048,0
eU1052,0
eU1054,0
eU1056,0
eU1058,0
eU1063,0
eU1065,0
eU1074,0
eU1078,0
eU1080,0
eU1094,0
eU1096,0
eU1099,0
eU1104,0
eU1106,0
eU1110,0
n144,0
eU1111,0
eU1112,0
eU1113,0
n145,0
eU1114,0
eU1115,0
eU1117,0
eU1118,0
n147,0
eU1119,0
n148,0
eU1120,0
eU1121,0
eU1122,0
eU1123,0
eU1125,0
eU1126,0
eU1127,0
eU1128,0
eU1129,0
eU1130,0
eU1132,0
eU1133,0
eU1135,0
eU1136,0
eU1137,0
eU1138,0
eU1140,0
eU1141,0
eU1143,0
eU1145,0
eU1147,0
eU1148,0
eU1149,0
eU1152,0
eU1153,0
eU1155,0
eU1158,0
eU1161,0
eU1163,0
eU1164,0
eU1166,0
eU1168,0
eU1169,0
eU1170,0
eU1171,0
eU1173,0
eU1174,0
eU1175,0
eU1177,0
eU1181,0
eU1183,0
eU1184,0
eU1186,0
eU1188,0
eU1189,0
eU1191,0
eU1195,0
eU1197,0
eU1201,0
eU1204,0
eU1205,0
eU1207,0
eU1208,0
eU1209,0
eU1214,1
eU1215,1
eU1216,1
eU1217,1
eU1219,1
eU1220,1
eU1222,1
eU1223,1
eU1225,1
eU1227,1
eU1234,1
eU1236,1
eU1237,1
eU1240,1
eU1241,1
eU1243,1
eU1245,1
eU1247,1
eU1249,1
eU1252,1
eU1253,0
n156,0
eU1254,0
eU1257,0
eU1260,0
eU1262,0
eU1266,0
eU1268,0
eU1270,1
eU1274,1
eU1276,1
eU1277,0
n160,0
eU1278,0
eU1279,0
eU1281,0
eU1282,0
eU1283,0
eU1285,0
eU1290,0
eU1291,0
eU1292,0
eU1293,0
eU1294,0
eU1295,0
eU1296,0
eU1297,0
eU1298,0
eU1299,0
eU1300,0
eU1301,0
eU1303,0
eU1304,0
eU1305,1
eU1306,1
eU1311,1
eU1312,1
eU1314,1
eU1315,1
eU1316,1
eU1317,0
eU1318,0
eU1320,1
eU1328,0
eU1329,0
eU1330,0
eU1331,1
eU1332,1
eU1333,0
n170,0
eU1341,0
eU1344,0
eU1347,0
eU1350,0
eU1352,0
n174,0
eU1353,0
eU1354,0
eU1356,0
eU1358,0
eU1359,0
eU1362,0
eU1365,0
eU1367,0
eU1368,0
eU1372,0
eU1374,0
eU1376,0
eU1378,0
eU1380,0
eU1383,0
eU1385,0
eU1387,0
eU1389,0
eU1391,0
eU1393,0
eU1395,0
eU1398,0
eU1403,0
eU1404,0
eU1406,0
eU1409,0
eU1410,0
eU1411,0
eU1413,0
eU1416,0
eU1418,0
eU1420,0
eU1421,0
eU1424,0
eU1427,0
eU1429,0
eU1431,0
eU1434,0
eU1438,0
eU1439,0
eU1440,0
eU1441,0
eU1442,0
eU1443,0
eU1444,0
eU1446,0
eU1450,0
n189,0
eU1451,0
eU1454,0
n191,0
eU1459,0
eU1460,0
eU1461,0
eU1464,0
eU1481,0
eU1483,0
eU1487,0
eU1488,0
eU1492,0
eU1494,0
eU1496,0
eU1498,0
eU1499,0
n193,0
eU1500,0
eU1505,0
eU1508,1
eU1511,1
eU1514,1
eU1516,1
eU1518,0
eU1521,0
eU1523,0
eU1525,0
eU1533,0
eU1535,0
eU1537,1
eU1542,0
eU1546,0
n205,0
eU1547,0
eU1551,0
eU1553,0
eU1559,0
eU1561,1
eU1562,1
eU1566,1
eU1568,1
eD2,1
eD4,1
eD5,1
eD7,1
eD8,1
eD9,1
eD11,1
eD12,1
eD14,1
eD15,1
eD18,1
eD19,1
eD20,1
eD21,1
eD23,1
eD25,0
eD27,0
eD29,0
eD30,0
eD31,0
eD33,0
eD35,0
eD37,0
eD38,0
eD39,0
eD41,0
eD43,0
eD44,0
eD47,0
eD49,0
eD51,0
eD53,0
eD55,0
eD56,0
eD58,0
eD60,0
eD64,0
eD66,0
eD68,0
eD69,0
eD72,0
eD74,0
eD76,0
eD78,0
eD79,0
eD82,0
eD84,0
eD86,0
eD88,0
eD93,0
eD94,0
eD95,0
eD97,0
eD98,0
eD102,0
eD104,0
eD105,0
eD113,1
eD114,1
eD115,1
eD116,1
eD117,1
eD119,1
eD120,1
eD122,1
eD123,1
eD124,1
eD125,1
eD126,1
eD129,1
eD131,1
eD132,1
eD134,1
eD135,1
eD136,1
eD137,1
eD138,1
eD139,1
eD141,1
eD143,0
eD144,0
eD145,0
eD148,0
eD151,0
eD153,0
eD155,0
eD157,0
eD158,0
eD159,0
eD161,0
eD162,0
eD163,0
eD164,0
eD166,0
eD167,0
eD168,0
eD169,0
eD171,0
eD172,0
eD173,0
eD176,1
eD177,1
eD178,0
eD179,0
eD180,0
eD181,0
eD182,0
eD183,0
eD184,0
eD185,0
eD186,0
eD190,0
eD191,0
eD208,0
eD209,0
eD210,0
eD211,0
eD214,0
eD215,0
eD216,0
eD218,0
eD220,0
eD222,0
eD223,0
eD225,0
eD226,0
eD228,0
eD230,0
eD232,0
eD234,0
eD235,0
eD236,0
eD237,0
eD240,0
eD244,0
eD246,0
eD248,0
eD250,0
eD251,0
eD253,0
eD254,0
eD255,0
eD256,0
eD258,0
eD259,0
eD261,0
eD262,0
eD264,0
eD265,0
eD266,0
eD267,0
eD268,0
eD269,0
eD271,0
eD272,0
eD274,0
eD276,0
eD278,0
eD279,0
eD280,0
eD282,0
eD283,0
eD285,0
eD287,0
eD288,0
eD289,0
eD291,0
eD294,0
eD296,0
eD298,0
eD299,0
eD301,0
eD304,0
eD306,0
eD308,0
eD309,0
eD310,0
eD312,0
eD322,0
eD323,0
eD327,0
eD328,0
eD330,0
eD332,0
eD334,0
eD335,0
eD337,0
eD338,0
eD339,0
eD341,0
eD343,0
eD344,0
eD345,0
eD346,0
eD348,0
eD349,0
eD350,0
eD351,0
eD357,0
eD358,0
eD360,0
eD362,0
eD363,0
eD365,0
eD367,0
eD368,0
eD369,0
eD371,0
eD373,0
eD374,0
eD376,0
eD377,0
eD379,0
eD380,0
eD381,0
eD382,0
eD383,0
eD385,0
eD386,0
eD387,0
eD389,0
eD390,0
eD391,0
eD392,0
eD394,0
eD396,0
eD397,0
eD398,0
eD399,0
eD401,0
eD402,0
eD403,0
eD404,0
eD405,0
eD417,0
eD419,0
eD421,0
eD422,0
eD427,0
eD429,0
eD430,0
eD431,0
eD432,0
eD434,0
eD435,0
eD436,0
eD439,0
eD442,1
eD444,1
eD446,0
eD450,0
eD452,0
eD454,0
eD455,0
eD456,0
eD457,0
eD458,0
eD459,0
eD460,0
eD461,0
eD462,0
eD463,0
eD465,0
eD468,0
eD470,0
eD471,0
eD472,0
eD473,0
eD474,0
eD475,0
eD476,0
eD477,0
eD479,0
eD481,0
eD482,0
eD483,0
eD484,0
eD485,0
eD486,0
eD487,0
eD488,0
eD489,0
eD491,1
eD493,0
eD494,0
eD495,0
eD496,0
eD497,0
eD498,0
eD499,0
eD500,0
eD501,0
eD505,0
eD507,0
eD508,0
eD509,0
eD510,0
eD511,0
eD512,1
eD513,1
eD514,0
eD515,0
eD518,0
eD520,0
eD521,0
eD524,0
eD525,0
eD526,0
eD527,0
eD530,0
eD531,0
eD532,0
eD533,0
eD534,0
eD537,0
eD539,0
eD542,0
eD543,0
eD545,0
eD546,0
eD550,0
eD552,0
eD553,0
eD555,0
eD556,0
eD558,0
eD561,0
eD563,0
eD566,0
eD569,0
eD571,0
eD572,0
eD575,0
eD580,0
eD582,0
eD584,0
eD588,0
eD598,0
eD599,0
eD601,0
eD602,0
eD603,0
eD604,0
eD606,0
eD607,0
eD608,0
eD610,0
eD612,0
eD614,0
eD617,0
eD619,0
eD620,0
eD624,0
eD626,0
eD627,0
eD630,0
eD631,0
eD632,0
eD633,0
eD635,0
eD637,0
eD638,0
eD639,0
eD640,0
eD641,0
eD642,0
eD644,0
eD646,0
eD648,0
eD650,0
eD651,0
eD652,0
eD653,0
eD654,0
eD656,0
eD657,0
eD658,0
eD661,0
eD663,0
eD664,0
eD665,0
eD666,0
eD667,0
eD668,0
eD669,0
eD672,0
eD673,0
eD674,0
eD676,0
eD677,0
eD678,0
eD679,0
eD680,0
eD681,0
eD682,0
eD683,0
eD685,0
eD687,0
eD688,0
eD689,0
eD691,0
eD692,0
eD693,0
eD694,0
eD695,0
eD696,0
eD697,0
eD698,0
eD699,0
eD700,0
eD701,0
eD702,0
eD703,0
eD704,0
eD705,0
eD706,0
eD707,0
eD708,0
eD709,0
eD710,0
eD711,0
eD712,0
eD713,0
eD714,0
eD716,1
eD718,1
eD719,1
eD720,1
eD721,1
eD722,1
eD724,0
eD725,0
eD726,0
eD728,0
eD729,0
eD730,0
eD731,0
eD732,0
eD733,0
eD736,0
eD740,0
eD741,0
eD742,0
eD744,0
eD746,0
eD747,0
eD748,0
eD750,0
eD752,0
eD753,0
eD754,0
eD756,0
eD757,0
eD759,0
eD761,0
eD762,0
eD765,0
eD766,0
eD768,0
eD770,0
eD771,0
eD773,0
eD775,0
eD778,0
eD780,0
eD783,0
eD785,0
eD786,0
eD787,0
eD788,0
eD789,0
eD792,0
eD794,0
eD797,0
eD799,0
eD801,0
eD803,0
eD804,0
eD807,0
eD810,0
eD811,0
eD812,0
eD816,0
eD818,0
eD821,0
eD823,0
eD826,0
eD827,0
eD828,0
eD830,0
eD832,0
eD834,0
eD835,0
eD836,0
eD837,0
eD839,0
eD841,0
eD842,0
eD843,0
eD844,0
eD845,0
eD847,0
eD849,0
eD850,0
eD851,0
eD855,0
eD856,0
eD857,0
eD859,0
eD861,0
eD862,0
eD865,0
eD867,0
eD868,0
eD870,0
eD872,0
eD873,0
eD876,0
eD877,0
eD879,0
eD881,0
eD882,0
eD884,0
eD888,0
eD891,0
eD893,0
eD895,0
eD896,0
eD897,0
eD898,0
eD899,0
eD900,0
eD901,0
eD904,0
eD907,0
eD908,0
eD910,0
eD912,0
eD914,0
eD915,0
eD918,0
eD919,0
eD921,0
eD923,0
eD924,0
eD925,0
eD927,0
eD928,0
eD929,0
eD932,0
eD934,0
eD936,0
eD938,0
eD939,0
eD940,0
eD942,0
eD943,0
eD945,0
eD947,0
eD949,0
eD950,0
eD951,0
eD953,0
eD954,0
eD956,0
eD958,0
eD960,0
eD963,0
eD965,0
eD966,0
eD967,0
eD969,0
eD972,0
eD974,0
eD979,0
eD981,0
eD982,0
eD983,0
eD984,0
eD985,0
eD987,0
eD989,0
eD990,0
eD992,0
eD994,0
eD996,0
eD998,0
eD1000,0
eD1001,0
eD1002,0
eD1003,0
eD1004,0
eD1005,0
eD1006,0
eD1007,0
eD1008,0
eD1010,0
eD1011,0
eD1012,0
eD1016,0
eD1020,0
eD1021,0
eD1022,0
eD1023,0
eD1025,0
eD1026,0
eD1027,0
eD1029,0
eD1030,0
eD1031,0
eD1032,0
eD1034,0
eD1035,0
eD1037,0
eD1039,0
eD1040,0
eD1041,0
eD1042,0
eD1044,0
eD1045,0
eD1046,0
eD1047,0
eD1049,0
eD1050,0
eD1051,0
eD1053,0
eD1055,0
eD1057,0
eD1059,0
eD1060,0
eD1061,0
eD1062,0
eD1064,0
eD1066,0
eD1067,0
eD1068,0
eD1069,0
eD1070,0
eD1071,0
eD1072,0
eD1073,0
eD1075,0
eD1076,0
eD1077,0
eD1079,0
eD1081,0
eD1082,0
eD1083,0
eD1084,0
eD1085,0
eD1086,0
eD1087,0
eD1088,0
eD1089,0
eD1090,0
eD1091,0
eD1092,0
eD1093,0
eD1095,0
eD1097,0
eD1098,0
eD1100,0
eD1101,0
eD1102,0
eD1103,0
eD1105,0
eD1107,1
eD1108,1
eD1109,1
eD1116,0
eD1124,0
eD1131,0
eD1134,0
eD1139,0
eD1142,0
eD1144,0
eD1146,0
eD1150,0
eD1151,0
eD1154,0
eD1156,0
eD1157,0
eD1159,0
eD1160,0
eD1162,0
eD1165,0
eD1167,0
eD1172,0
eD1176,0
eD1178,0
eD1179,0
eD1180,0
eD1182,0
eD1185,0
eD1187,0
eD1190,0
eD1192,0
eD1193,0
eD1194,0
eD1196,0
eD1198,0
eD1199,0
eD1200,0
eD1202,0
eD1203,0
eD1206,0
eD1210,0
eD1211,0
eD1212,0
eD1213,0
eD1218,1
eD1221,1
eD1224,1
eD1226,1
eD1228,1
eD1229,1
eD1230,1
eD1231,1
eD1232,1
eD1233,1
eD1235,1
eD1238,1
eD1239,1
eD1242,1
eD1244,1
eD1246,1
eD1248,1
eD1250,1
eD1251,1
eD1255,0
eD1256,0
eD1258,0
eD1259,0
eD1261,0
eD1263,0
eD1264,0
eD1265,0
eD1267,0
eD1269,1
eD1271,1
eD1272,1
eD1273,1
eD1275,1
eD1280,0
eD1284,0
eD1286,0
eD1287,0
eD1288,0
eD1289,0
eD1302,0
eD1307,1
eD1308,1
eD1309,1
eD1310,1
eD1313,1
eD1319,1
eD1321,1
eD1322,0
eD1323,0
eD1324,0
eD1325,0
eD1326,0
eD1327,0
eD1334,0
eD1335,0
eD1336,0
eD1337,0
eD1338,0
eD1339,0
eD1340,0
eD1342,0
eD1343,0
eD1345,0
eD1346,0
eD1348,0
eD1349,0
eD1351,0
eD1355,0
eD1357,0
eD1360,0
eD1361,0
eD1363,0
eD1364,0
eD1366,0
eD1369,0
eD1370,0
eD1371,0
eD1373,0
eD1375,0
eD1377,0
eD1379,0
eD1381,0
eD1382,0
eD1384,0
eD1386,0
eD1388,0
eD1390,0
eD1392,0
eD1394,0
eD1396,0
eD1397,0
eD1399,0
eD1400,0
eD1401,0
eD1402,0
eD1405,0
eD1407,0
eD1408,0
eD1412,0
eD1414,0
eD1415,0
eD1417,0
eD1419,0
eD1422,0
eD1423,0
eD1425,0
eD1426,0
eD1428,0
eD1430,0
eD1432,0
eD1433,0
eD1435,0
eD1436,0
eD1437,0
eD1445,0
eD1447,0
eD1448,0
eD1449,0
eD1452,1
eD1453,1
eD1455,0
eD1456,0
eD1457,0
eD1458,0
eD1462,0
eD1463,0
eD1465,0
eD1466,0
eD1467,0
eD1468,0
eD1469,0
eD1470,0
eD1471,0
eD1472,0
eD1473,0
eD1474,0
eD1475,0
eD1476,0
eD1477,0
eD1478,0
eD1479,0
eD1480,0
eD1482,0
eD1484,0
eD1485,0
eD1486,0
eD1489,0
eD1490,0
eD1491,0
eD1493,0
eD1495,0
eD1497,0
eD1501,0
eD1502,0
eD1503,0
eD1504,0
eD1506,0
eD1507,0
eD1509,1
eD1510,1
eD1512,1
eD1513,1
eD1515,1
eD1517,0
eD1519,0
eD1520,0
eD1522,0
eD1524,0
eD1526,0
eD1527,0
eD1528,0
eD1529,0
eD1530,0
eD1531,0
eD1532,0
eD1534,0
eD1536,1
eD1538,1
eD1539,1
eD1540,0
eD1541,0
eD1543,0
eD1544,0
eD1545,0
eD1548,0
eD1549,0
eD1550,0
eD1552,0
eD1554,1
eD1555,1
eD1556,1
eD1557,1
eD1558,0
eD1560,0
eD1563,1
eD1564,1
eD1565,1
eD1567,1
eD1,0
eD3,0
eD6,0
eD10,0
eD13,0
eD16,0
eD17,0
eD22,0
eD24,0
eD26,0
eD28,0
eD32,0
eD34,0
eD36,0
eD40,0
eD42,0
eD45,0
eD46,0
eD48,0
eD50,0
eD52,0
eD54,0
eD57,0
eD59,0
eD61,0
eD62,0
eD63,0
eD65,0
eD67,0
eD70,0
eD71,0
eD73,0
eD75,0
eD77,0
eD80,0
eD81,0
eD83,0
eD85,0
eD87,0
eD89,0
eD90,1
eD91,1
eD92,1
eD96,1
eD99,1
eD100,1
eD101,1
eD103,1
eD106,1
eD107,1
eD108,1
eD109,1
eD110,0
eD111,0
eD112,0
eD118,0
eD121,0
eD127,0
eD128,0
eD130,0
eD133,0
eD140,0
eD142,0
eD146,0
eD147,0
eD149,0
eD150,0
eD152,0
eD154,0
eD156,0
eD160,0
eD165,0
eD170,0
eD174,0
eD175,0
eD187,0
eD188,0
eD189,0
eD192,0
eD193,0
eD194,0
eD195,1
eD196,1
eD197,1
eD198,1
eD199,1
eD200,1
eD201,1
eD202,1
eD203,1
eD204,1
eD205,1
eD206,1
eD207,1
eD212,0
eD213,0
eD217,1
eD219,0
eD221,0
eD224,0
eD227,0
eD229,0
eD231,0
eD233,0
eD238,0
eD239,0
eD241,0
eD242,0
eD243,0
eD245,0
eD247,0
eD249,0
eD252,0
eD257,0
eD260,0
eD263,0
eD270,1
eD273,1
eD275,1
eD277,1
eD281,1
eD284,1
eD286,1
eD290,1
eD292,1
eD293,1
eD295,1
eD297,1
eD300,0
eD302,1
eD303,1
eD305,1
eD307,1
eD311,0
eD313,0
eD314,0
eD315,0
eD316,0
eD317,0
eD318,0
eD319,0
eD320,0
eD321,0
eD324,0
eD325,0
eD326,0
eD329,0
eD331,0
eD333,0
eD336,0
eD340,0
eD342,0
eD347,0
eD352,0
eD353,0
eD354,0
eD355,0
eD356,0
eD359,1
eD361,1
eD364,1
eD366,1
eD370,1
eD372,1
eD375,1
eD378,1
eD384,1
eD388,1
eD393,1
eD395,1
eD400,1
eD406,0
eD407,0
eD408,0
eD409,0
eD410,0
eD411,0
eD412,0
eD413,0
eD414,0
eD415,0
eD416,0
eD418,0
eD420,0
eD423,0
eD424,0
eD425,0
eD426,0
eD428,0
eD433,0
eD437,0
eD438,0
eD440,0
eD441,0
eD443,0
eD445,0
eD447,1
eD448,1
eD449,1
eD451,1
eD453,1
eD464,1
eD466,1
eD467,1
eD469,1
eD478,0
eD480,0
eD490,0
eD492,0
eD502,0
eD503,0
eD504,0
eD506,1
eD516,0
eD517,0
eD519,0
eD522,0
eD523,0
eD528,0
eD529,0
eD535,0
eD536,0
eD538,0
eD540,0
eD541,0
eD544,0
eD547,0
eD548,0
eD549,0
eD551,0
eD554,0
eD557,0
eD559,0
eD560,0
eD562,0
eD564,0
eD565,0
eD567,0
eD568,0
eD570,0
eD573,0
eD574,0
eD576,0
eD577,0
eD578,0
eD579,0
eD581,0
eD583,0
eD585,0
eD586,0
eD587,0
eD589,1
eD590,1
eD591,1
eD592,1
eD593,1
eD594,0
eD595,0
eD596,0
eD597,0
eD600,0
eD605,0
eD609,0
eD611,0
eD613,0
eD615,0
eD616,0
eD618,0
eD621,0
eD622,0
eD623,0
eD625,0
eD628,0
eD629,0
eD634,0
eD636,0
eD643,0
eD645,0
eD647,0
eD649,0
eD655,0
eD659,0
eD660,0
eD662,0
eD670,0
eD671,0
eD675,0
eD684,0
eD686,0
eD690,0
eD715,0
eD717,0
eD723,0
eD727,0
eD734,0
eD735,0
eD737,0
eD738,1
eD739,1
eD743,1
eD745,1
eD749,1
eD751,1
eD755,1
eD758,1
eD760,1
eD763,1
eD764,1
eD767,1
eD769,1
eD772,1
eD774,1
eD776,1
eD777,1
eD779,1
eD781,1
eD782,1
eD784,1
eD790,1
eD791,1
eD793,1
eD795,1
eD796,1
eD798,1
eD800,1
eD802,1
eD805,1
eD806,1
eD808,1
eD809,1
eD813,0
eD814,0
eD815,0
eD817,1
eD819,1
eD820,1
eD822,1
eD824,1
eD825,1
eD829,1
eD831,1
eD833,1
eD838,1
eD840,1
eD846,1
eD848,1
eD852,0
eD853,0
eD854,0
eD858,0
eD860,0
eD863,0
eD864,0
eD866,0
eD869,0
eD871,0
eD874,0
eD875,0
eD878,0
eD880,0
eD883,0
eD885,0
eD886,0
eD887,0
eD889,0
eD890,0
eD892,0
eD894,0
eD902,0
eD903,0
eD905,0
eD906,0
eD909,0
eD911,0
eD913,0
eD916,1
eD917,1
eD920,1
eD922,1
eD926,1
eD930,1
eD931,1
eD933,1
eD935,1
eD937,1
eD941,1
eD944,1
eD946,1
eD948,1
eD952,1
eD955,1
eD957,1
eD959,1
eD961,1
eD962,1
eD964,1
eD968,1
eD970,1
eD971,1
eD973,1
eD975,1
eD976,1
eD977,1
eD978,1
eD980,0
eD986,0
eD988,0
eD991,1
eD993,1
eD995,1
eD997,1
eD999,1
eD1009,0
eD1013,0
eD1014,0
eD1015,0
eD1017,0
eD1018,0
eD1019,0
eD1024,0
eD1028,0
eD1033,0
eD1036,0
eD1038,0
eD1043,0
eD1048,1
eD1052,1
eD1054,1
eD1056,1
eD1058,1
eD1063,0
eD1065,0
eD1074,0
eD1078,0
eD1080,0
eD1094,0
eD1096,0
eD1099,0
eD1104,0
eD1106,0
eD1110,0
eD1111,0
eD1112,0
eD1113,0
eD1114,0
eD1115,0
eD1117,0
eD1118,0
eD1119,0
eD1120,1
eD1121,1
eD1122,1
eD1123,1
eD1125,1
eD1126,1
eD1127,1
eD1128,1
eD1129,1
eD1130,1
eD1132,1
eD1133,1
eD1135,1
eD1136,1
eD1137,1
eD1138,1
eD1140,1
eD1141,1
eD1143,0
eD1145,0
eD1147,0
eD1148,0
eD1149,0
eD1152,0
eD1153,0
eD1155,1
eD1158,1
eD1161,0
eD1163,0
eD1164,0
eD1166,0
eD1168,0
eD1169,0
eD1170,0
eD1171,0
eD1173,0
eD1174,0
eD1175,0
eD1177,0
eD1181,0
eD1183,0
eD1184,0
eD1186,0
eD1188,0
eD1189,0
eD1191,0
eD1195,0
eD1197,0
eD1201,0
eD1204,0
eD1205,0
eD1207,0
eD1208,0
eD1209,0
eD1214,0
eD1215,0
eD1216,0
eD1217,0
eD1219,0
eD1220,0
eD1222,0
eD1223,0
eD1225,0
eD1227,0
eD1234,0
eD1236,0
eD1237,0
eD1240,0
eD1241,0
eD1243,0
eD1245,0
eD1247,0
eD1249,0
eD1252,0
eD1253,0
eD1254,0
eD1257,0
eD1260,0
eD1262,0
eD1266,0
eD1268,0
eD1270,0
eD1274,0
eD1276,0
eD1277,0
eD1278,1
eD1279,1
eD1281,1
eD1282,1
eD1283,1
eD1285,0
eD1290,0
eD1291,0
eD1292,0
eD1293,0
eD1294,0
eD1295,0
eD1296,0
eD1297,0
eD1298,0
eD1299,0
eD1300,0
eD1301,0
eD1303,0
eD1304,0
eD1305,0
eD1306,0
eD1311,0
eD1312,0
eD1314,0
eD1315,0
eD1316,0
eD1317,0
eD1318,0
eD1320,0
eD1328,1
eD1329,1
eD1330,1
eD1331,0
eD1332,0
eD1333,0
eD1341,0
eD1344,0
eD1347,0
eD1350,0
eD1352,0
eD1353,0
eD1354,0
eD1356,1
eD1358,1
eD1359,1
eD1362,1
eD1365,1
eD1367,1
eD1368,1
eD1372,1
eD1374,1
eD1376,1
eD1378,1
eD1380,1
eD1383,1
eD1385,1
eD1387,1
eD1389,1
eD1391,1
eD1393,1
eD1395,1
eD1398,1
eD1403,1
eD1404,0
eD1406,0
eD1409,0
eD1410,0
eD1411,0
eD1413,0
eD1416,1
eD1418,1
eD1420,1
eD1421,0
eD1424,1
eD1427,1
eD1429,1
eD1431,1
eD1434,1
eD1438,0
eD1439,0
eD1440,0
eD1441,0
eD1442,0
eD1443,0
eD1444,0
eD1446,0
eD1450,0
eD1451,0
eD1454,0
eD1459,0
eD1460,0
eD1461,0
eD1464,0
eD1481,0
eD1483,0
eD1487,0
eD1488,0
eD1492,0
eD1494,0
eD1496,0
eD1498,0
eD1499,0
eD1500,0
eD1505,0
eD1508,0
eD1511,0
eD1514,0
eD1516,0
eD1518,0
eD1521,0
eD1523,0
eD1525,0
eD1533,0
eD1535,0
eD1537,0
eD1542,0
eD1546,0
eD1547,0
eD1551,0
eD1553,0
eD1559,0
eD1561,0
eD1562,0
eD1566,0
eD1568,0
nAc1,0
nAc2,0
nAc3,0
nAc4,0
nAc5,0
nAc6,0
nAc7,0
nAc8,0
nAc9,0
nAc10,0
nAc11,0
nAc12,0
nAc13,0
nAc14,0
nAc15,0
nAc16,0
nAc17,0
nAc18,0
nAc19,0
nAc20,0
nAc21,0
nAc22,0
nAc23,0
nAc24,0
nAc25,0
nAc26,0
nAc27,0
nAc28,0
nAc29,0
nAc30,0
nAc31,0
nAc32,0
nAc33,0
nAc34,0
nAc35,0
nAc36,0
nAc37,0
nAc38,0
nAc39,0
nAc40,0
nAc41,0
nAc42,0
nAc43,0
nAc44,0
nAc45,0
nAc46,0
nAc47,0
nAc48,0
nAc49,0
nAc50,0
nAc51,0
nAc52,0
nAc53,0
nAc54,0
nAc55,0
nAc56,0
nAc57,1
nAc58,0
nAc59,0
nAc60,0
nAc61,0
nAc62,0
nAc63,0
nAc64,0
nAc65,0
nAc66,0
nAc67,0
nAc68,0
nAc69,0
nAc70,0
nAc71,0
nAc72,0
nAc73,0
nAc74,0
nAc75,0
nAc76,0
nAc77,0
nAc78,0
nAc79,0
nAc80,0
nAc81,0
nAc82,0
nAc83,0
nAc84,0
nAc85,0
nAc86,0
nAc87,0
nAc88,0
nAc89,0
nAc90,0
nAc91,0
nAc92,0
nAc93,0
nAc94,0
nAc95,0
nAc96,0
nAc97,0
nAc98,0
nAc99,0
nAc100,0
nAc101,0
nAc102,0
nAc103,0
nAc104,0
nAc105,0
nAc106,0
nAc107,0
nAc108,0
nAc109,0
nAc110,0
nAc111,0
nAc112,0
nAc113,0
nAc114,0
nAc115,0
nAc116,0
nAc117,0
nAc118,0
nAc119,0
nAc120,0
nAc121,0
nAc122,0
nAc123,0
nAc124,0
nAc125,0
nAc126,0
nAc127,0
nAc128,0
nAc129,0
nAc130,0
nAc131,0
nAc132,0
nAc133,0
nAc134,0
nAc135,0
nAc136,0
nAc137,0
nAc138,0
nAc139,0
nAc140,0
nAc141,0
nAc142,0
nAc143,0
nAc144,0
nAc145,0
nAc146,0
nAc147,0
nAc148,0
nAc149,0
nAc150,0
nAc151,0
nAc152,0
nAc153,0
nAc154,0
nAc155,0
nAc156,0
nAc157,0
nAc158,0
nAc159,0
nAc160,0
nAc161,0
nAc162,0
nAc163,0
nAc164,0
nAc165,0
nAc166,0
nAc167,0
nAc168,0
nAc169,0
nAc170,0
nAc171,0
nAc172,0
nAc173,0
nAc174,0
nAc175,0
nAc176,0
nAc177,0
nAc178,0
nAc179,0
nAc180,0
nAc181,0
nAc182,0
nAc183,0
nAc184,0
nAc185,0
nAc186,0
nAc187,0
nAc188,0
nAc189,0
nAc190,0
nAc191,0
nAc192,0
nAc193,0
nAc194,0
nAc195,0
nAc196,0
nAc197,0
nAc198,0
nAc199,0
nAc200,0
nAc201,0
nAc202,0
nAc203,0
nAc204,0
nAc205,0
nAc206,0
nAc207,0
nAc208,0
nAc209,0
nAc210,0
nAc211,0
nAc212,0
nAc213,0
nAc214,0
nAc215,0
n215,0
nAc216,0
nDs198,100
nDs1,6
nDs69,100
nDs133,5
nDs125,100
nDs163,100
nDs92,100
nDs192,100
nDs104,100
nDs72,100
nDs9,100
nDs5,2
nDs197,100
nDs22,3
nDs203,100
nDs153,100
nDs2,100
nDs152,100
nDs20,100
nDs138,4
nDs113,98
nDs158,100
nDs144,100
nDs31,98
nDs159,99
nDs149,1
nDs141,92
nDs11,100
nDs139,100
nDs82,100
nDs122,7
nDs28,100
nDs74,100
nDs8,0
nDs115,98
nDs137,100
nDs146,100
nDs185,100
nDs172,100
nDs44,10
nDs3,93
nDs4,100
nDs112,100
nDs106,9
nDs129,100
nDs29,0
nDs107,99
nDs215,100
nDs204,100
nDs121,100
nDs57,0
nDs7,100
nDs132,93
nDs6,100
nDs39,100
nDs27,99
nDs123,100
nDs161,91
nDs10,99
nDs150,100
nDs80,100
nDs48,100
nDs45,99
nDs34,99
nDs12,100
nDs85,100
nDs191,100
nDs13,100
nDs83,100
nDs14,97
nDs15,100
nDs16,100
nDs21,100
nDs17,100
nDs18,100
nDs19,100
nDs174,100
nDs194,100
nDs110,97
nDs90,100
nDs42,100
nDs54,100
nDs23,100
nDs46,100
nDs75,100
nDs190,99
nDs186,100
nDs40,100
nDs63,100
nDs77,91
nDs126,100
nDs216,100
nDs55,100
nDs24,100
nDs176,10
nDs189,100
nDs25,100
nDs26,100
nDs103,3
nDs114,99
nDs62,100
nDs58,100
nDs207,100
nDs37,100
nDs36,100
nDs38,100
nDs32,0
nDs33,100
nDs210,98
nDs93,0
nDs35,100
nDs140,100
nDs116,99
nDs66,93
nDs200,100
nDs143,95
nDs195,100
nDs102,95
nDs184,8
nDs81,100
nDs128,100
nDs41,100
nDs178,94
nDs177,99
nDs188,100
nDs155,97
nDs179,99
nDs97,96
nDs160,100
nDs209,100
nDs154,97
nDs53,0
nDs183,100
nDs162,100
nDs47,100
nDs49,100
nDs50,100
nDs78,92
nDs51,100
nDs84,100
nDs52,100
nDs60,100
nDs187,100
nDs91,100
nDs96,96
nDs214,100
nDs56,99
nDs181,100
nDs108,100
nDs151,4
nDs109,100
nDs182,98
nDs59,100
nDs79,100
nDs180,0
nDs156,100
nDs61,97
nDs164,94
nDs64,100
nDs65,100
nDs67,100
nDs205,100
nDs68,4
nDs136,100
nDs166,99
nDs43,0
nDs131,100
nDs70,98
nDs71,1
nDs88,100
nDs119,100
nDs94,100
nDs105,100
nDs76,100
nDs157,100
nDs145,100
nDs170,100
nDs211,100
nDs99,99
nDs86,100
nDs87,100
nDs111,100
nDs171,100
nDs135,100
nDs118,100
nDs120,100
nDs89,4
nDs73,0
nDs168,94
nDs95,100
nDs101,100
nDs100,100
nDs98,100
nDs199,100
nDs201,2
nDs165,100
nDs167,100
nDs173,100
nDs134,100
nDs202,100
nDs142,100
nDs117,100
nDs124,100
nDs193,100
nDs127,100
nDs130,100
nDs30,0
nDs196,11
nDs148,100
nDs147,100
nDs175,99
nDs208,96
nDs206,1
nDs169,99
nDs212,100
nDs213,100
