gene_name	NES_corr_phospho_int_weight=TRUE_prot=TRUE_phosphoscore_corr_phospho_act	method_1	NES_corr_phospho_int_weight=TRUE_prot=TRUE_phosphoscore_corr_phospho_all	method_2	NES_corr_phospho_int_weight=TRUE_prot=FALSE_phosphoscore_corr_phospho_act	method_3	NES_corr_phospho_int_weight=TRUE_prot=FALSE_phosphoscore_corr_phospho_all	method_4	NES_corr_phospho_int_weight=FALSE_prot=TRUE_phosphoscore_corr_phospho_act	method_5	NES_corr_phospho_int_weight=FALSE_prot=TRUE_phosphoscore_corr_phospho_all	method_6	NES_corr_phospho_int_weight=FALSE_prot=FALSE_phosphoscore_corr_phospho_act	method_7	NES_corr_phospho_int_weight=FALSE_prot=FALSE_phosphoscore_corr_phospho_all	method_8	NES_corr_phospho_no_int_weight=TRUE_prot=TRUE_phosphoscore_corr_phospho_act	method_9	NES_corr_phospho_no_int_weight=TRUE_prot=TRUE_phosphoscore_corr_phospho_all	method_10	NES_corr_phospho_no_int_weight=TRUE_prot=FALSE_phosphoscore_corr_phospho_act	method_11	NES_corr_phospho_no_int_weight=TRUE_prot=FALSE_phosphoscore_corr_phospho_all	method_12	NES_corr_phospho_no_int_weight=FALSE_prot=TRUE_phosphoscore_corr_phospho_act	method_13	NES_corr_phospho_no_int_weight=FALSE_prot=TRUE_phosphoscore_corr_phospho_all	method_14	NES_corr_phospho_no_int_weight=FALSE_prot=FALSE_phosphoscore_corr_phospho_act	method_15	NES_corr_phospho_no_int_weight=FALSE_prot=FALSE_phosphoscore_corr_phospho_all	method_16	NES_no_corr_phospho_int_weight=TRUE_prot=TRUE_phosphoscore_no_corr_phospho_act	method_17	NES_no_corr_phospho_int_weight=TRUE_prot=TRUE_phosphoscore_no_corr_phospho_all	method_18	NES_no_corr_phospho_int_weight=TRUE_prot=FALSE_phosphoscore_no_corr_phospho_act	method_19	NES_no_corr_phospho_int_weight=TRUE_prot=FALSE_phosphoscore_no_corr_phospho_all	method_20	NES_no_corr_phospho_int_weight=FALSE_prot=TRUE_phosphoscore_no_corr_phospho_act	method_21	NES_no_corr_phospho_int_weight=FALSE_prot=TRUE_phosphoscore_no_corr_phospho_all	method_22	NES_no_corr_phospho_int_weight=FALSE_prot=FALSE_phosphoscore_no_corr_phospho_act	method_23	NES_no_corr_phospho_int_weight=FALSE_prot=FALSE_phosphoscore_no_corr_phospho_all	method_24	NES_no_corr_phospho_no_int_weight=TRUE_prot=TRUE_phosphoscore_no_corr_phospho_act	method_25	NES_no_corr_phospho_no_int_weight=TRUE_prot=TRUE_phosphoscore_no_corr_phospho_all	method_26	NES_no_corr_phospho_no_int_weight=TRUE_prot=FALSE_phosphoscore_no_corr_phospho_act	method_27	NES_no_corr_phospho_no_int_weight=TRUE_prot=FALSE_phosphoscore_no_corr_phospho_all	method_28	NES_no_corr_phospho_no_int_weight=FALSE_prot=TRUE_phosphoscore_no_corr_phospho_act	method_29	NES_no_corr_phospho_no_int_weight=FALSE_prot=TRUE_phosphoscore_no_corr_phospho_all	method_30	NES_no_corr_phospho_no_int_weight=FALSE_prot=FALSE_phosphoscore_no_corr_phospho_act	method_31	NES_no_corr_phospho_no_int_weight=FALSE_prot=FALSE_phosphoscore_no_corr_phospho_all	method_32
AKT1	-2.6444930869478225	VIPER	-2.6444930869478225	VIPER	NA	NA	NA	NA	-1.1449139437002702	VIPER	-1.1449139437002702	VIPER	NA	NA	NA	NA	NA	NA	NA	NA	NA	NA	NA	NA	NA	NA	NA	NA	NA	NA	NA	NA	-0.8079965018969094	VIPER+PhosphoScore	-0.8178748194119669	VIPER+PhosphoScore	1.76028696695964	PhosphoScore	1.7405303319295249	PhosphoScore	0.06858091933471733	VIPER+PhosphoScore	0.058702601819659805	VIPER+PhosphoScore	1.76028696695964	PhosphoScore	1.7405303319295249	PhosphoScore	1.76028696695964	PhosphoScore	1.7405303319295249	PhosphoScore	1.76028696695964	PhosphoScore	1.7405303319295249	PhosphoScore	1.76028696695964	PhosphoScore	1.7405303319295249	PhosphoScore	1.76028696695964	PhosphoScore	1.7405303319295249	PhosphoScore
AURKA	-2.6473456583156154	VIPER	-2.6473456583156154	VIPER	-2.6473456583156154	VIPER	-2.6473456583156154	VIPER	-2.1371729905017443	VIPER	-2.1371729905017443	VIPER	-2.1371729905017443	VIPER	-2.1371729905017443	VIPER	-2.6897008676120366	VIPER	-2.6897008676120366	VIPER	-2.6897008676120366	VIPER	-2.6897008676120366	VIPER	-2.1371729905017443	VIPER	-2.1371729905017443	VIPER	-2.1371729905017443	VIPER	-2.1371729905017443	VIPER	-2.8586114300306864	VIPER	-2.8586114300306864	VIPER	-2.8586114300306864	VIPER	-2.8586114300306864	VIPER	-2.2936370059590856	VIPER	-2.2936370059590856	VIPER	-2.2936370059590856	VIPER	-2.2936370059590856	VIPER	-3.1707806140068753	VIPER	-3.1707806140068753	VIPER	-3.1707806140068753	VIPER	-3.1707806140068753	VIPER	-2.2936370059590856	VIPER	-2.2936370059590856	VIPER	-2.2936370059590856	VIPER	-2.2936370059590856	VIPER
BRSK2	7.233064734120283	VIPER	7.233064734120283	VIPER	7.233064734120283	VIPER	7.233064734120283	VIPER	3.1370319709253196	VIPER	3.1370319709253196	VIPER	3.1370319709253196	VIPER	3.1370319709253196	VIPER	NA	NA	NA	NA	NA	NA	NA	NA	NA	NA	NA	NA	NA	NA	NA	NA	5.768601129481851	VIPER	5.768601129481851	VIPER	5.768601129481851	VIPER	5.768601129481851	VIPER	2.9975730270245604	VIPER	2.9975730270245604	VIPER	2.9975730270245604	VIPER	2.9975730270245604	VIPER	NA	NA	NA	NA	NA	NA	NA	NA	NA	NA	NA	NA	NA	NA	NA	NA
CAMK2G	-3.991924862274359	VIPER	-3.991924862274359	VIPER	-3.991924862274359	VIPER	-3.991924862274359	VIPER	-2.5054809700254004	VIPER	-2.5054809700254004	VIPER	-2.5054809700254004	VIPER	-2.5054809700254004	VIPER	NA	NA	NA	NA	NA	NA	NA	NA	NA	NA	NA	NA	NA	NA	NA	NA	-2.3379915733463985	VIPER	-2.3379915733463985	VIPER	-2.3379915733463985	VIPER	-2.3379915733463985	VIPER	-2.1209017552879073	VIPER	-2.1209017552879073	VIPER	-2.1209017552879073	VIPER	-2.1209017552879073	VIPER	NA	NA	NA	NA	NA	NA	NA	NA	NA	NA	NA	NA	NA	NA	NA	NA
CDK11B	-16.84581527492671	VIPER	-16.84581527492671	VIPER	-16.84581527492671	VIPER	-16.84581527492671	VIPER	-4.278833387158751	VIPER	-4.278833387158751	VIPER	-4.278833387158751	VIPER	-4.278833387158751	VIPER	-17.115333548635004	VIPER	-17.115333548635004	VIPER	-17.115333548635004	VIPER	-17.115333548635004	VIPER	-4.278833387158751	VIPER	-4.278833387158751	VIPER	-4.278833387158751	VIPER	-4.278833387158751	VIPER	-9.539858503216696	VIPER	-9.539858503216696	VIPER	-9.539858503216696	VIPER	-9.539858503216696	VIPER	-3.613226026219695	VIPER	-3.613226026219695	VIPER	-3.613226026219695	VIPER	-3.613226026219695	VIPER	-4.620283185306042	VIPER	-4.620283185306042	VIPER	-4.620283185306042	VIPER	-4.620283185306042	VIPER	-2.6504776332669566	VIPER	-2.6504776332669566	VIPER	-2.6504776332669566	VIPER	-2.6504776332669566	VIPER
CHUK	2.3887757402107437	VIPER	2.3887757402107437	VIPER	2.3887757402107437	VIPER	2.3887757402107437	VIPER	2.052779964028615	VIPER	2.052779964028615	VIPER	2.052779964028615	VIPER	2.052779964028615	VIPER	2.426994057535884	VIPER	2.426994057535884	VIPER	2.426994057535884	VIPER	2.426994057535884	VIPER	2.052779964028615	VIPER	2.052779964028615	VIPER	2.052779964028615	VIPER	2.052779964028615	VIPER	NA	NA	NA	NA	NA	NA	NA	NA	NA	NA	NA	NA	NA	NA	NA	NA	NA	NA	NA	NA	NA	NA	NA	NA	NA	NA	NA	NA	NA	NA	NA	NA
DUSP8	7.34124438373146	VIPER	7.34124438373146	VIPER	7.34124438373146	VIPER	7.34124438373146	VIPER	3.154459467327624	VIPER	3.154459467327624	VIPER	3.154459467327624	VIPER	3.154459467327624	VIPER	7.458697856946196	VIPER	7.458697856946196	VIPER	7.458697856946196	VIPER	7.458697856946196	VIPER	3.154459467327624	VIPER	3.154459467327624	VIPER	3.154459467327624	VIPER	3.154459467327624	VIPER	3.095923696383947	VIPER	3.095923696383947	VIPER	3.095923696383947	VIPER	3.095923696383947	VIPER	2.3654922769059423	VIPER	2.3654922769059423	VIPER	2.3654922769059423	VIPER	2.3654922769059423	VIPER	3.4340081117052517	VIPER	3.4340081117052517	VIPER	3.4340081117052517	VIPER	3.4340081117052517	VIPER	2.3654922769059423	VIPER	2.3654922769059423	VIPER	2.3654922769059423	VIPER	2.3654922769059423	VIPER
GRK2	-2.912162426675773	VIPER	-2.912162426675773	VIPER	-2.912162426675773	VIPER	-2.912162426675773	VIPER	-2.218151876445716	VIPER	-2.218151876445716	VIPER	-2.218151876445716	VIPER	-2.218151876445716	VIPER	NA	NA	NA	NA	NA	NA	NA	NA	NA	NA	NA	NA	NA	NA	NA	NA	NA	NA	NA	NA	NA	NA	NA	NA	NA	NA	NA	NA	NA	NA	NA	NA	NA	NA	NA	NA	NA	NA	NA	NA	NA	NA	NA	NA	NA	NA	NA	NA
GRK3	-2.628358416832605	VIPER	-2.628358416832605	VIPER	-2.628358416832605	VIPER	-2.628358416832605	VIPER	-2.131165361463927	VIPER	-2.131165361463927	VIPER	-2.131165361463927	VIPER	-2.131165361463927	VIPER	NA	NA	NA	NA	NA	NA	NA	NA	NA	NA	NA	NA	NA	NA	NA	NA	NA	NA	NA	NA	NA	NA	NA	NA	NA	NA	NA	NA	NA	NA	NA	NA	NA	NA	NA	NA	NA	NA	NA	NA	NA	NA	NA	NA	NA	NA	NA	NA
GRK4	-5.39855576088728	VIPER	-5.39855576088728	VIPER	-5.39855576088728	VIPER	-5.39855576088728	VIPER	-2.8105713327000172	VIPER	-2.8105713327000172	VIPER	-2.8105713327000172	VIPER	-2.8105713327000172	VIPER	NA	NA	NA	NA	NA	NA	NA	NA	NA	NA	NA	NA	NA	NA	NA	NA	NA	NA	NA	NA	NA	NA	NA	NA	NA	NA	NA	NA	NA	NA	NA	NA	NA	NA	NA	NA	NA	NA	NA	NA	NA	NA	NA	NA	NA	NA	NA	NA
GRK5	-6.661256545602435	VIPER	-6.661256545602435	VIPER	-6.661256545602435	VIPER	-6.661256545602435	VIPER	-3.041895605924638	VIPER	-3.041895605924638	VIPER	-3.041895605924638	VIPER	-3.041895605924638	VIPER	NA	NA	NA	NA	NA	NA	NA	NA	NA	NA	NA	NA	NA	NA	NA	NA	-2.515115799885206	VIPER	-2.515115799885206	VIPER	-2.515115799885206	VIPER	-2.515115799885206	VIPER	-2.18228242590051	VIPER	-2.18228242590051	VIPER	-2.18228242590051	VIPER	-2.18228242590051	VIPER	NA	NA	NA	NA	NA	NA	NA	NA	NA	NA	NA	NA	NA	NA	NA	NA
GRK6	-17.269732774267204	VIPER	-17.269732774267204	VIPER	-17.269732774267204	VIPER	-17.269732774267204	VIPER	-4.317433193566801	VIPER	-4.317433193566801	VIPER	-4.317433193566801	VIPER	-4.317433193566801	VIPER	NA	NA	NA	NA	NA	NA	NA	NA	NA	NA	NA	NA	NA	NA	NA	NA	-5.115266451182031	VIPER	-5.115266451182031	VIPER	-5.115266451182031	VIPER	-5.115266451182031	VIPER	-2.8650383444236116	VIPER	-2.8650383444236116	VIPER	-2.8650383444236116	VIPER	-2.8650383444236116	VIPER	NA	NA	NA	NA	NA	NA	NA	NA	NA	NA	NA	NA	NA	NA	NA	NA
HUNK	2.3005347394744726	VIPER	2.3005347394744726	VIPER	2.3005347394744726	VIPER	2.3005347394744726	VIPER	2.0226092109377394	VIPER	2.0226092109377394	VIPER	2.0226092109377394	VIPER	2.0226092109377394	VIPER	NA	NA	NA	NA	NA	NA	NA	NA	NA	NA	NA	NA	NA	NA	NA	NA	NA	NA	NA	NA	NA	NA	NA	NA	NA	NA	NA	NA	NA	NA	NA	NA	NA	NA	NA	NA	NA	NA	NA	NA	NA	NA	NA	NA	NA	NA	NA	NA
IKBKE	3.529099071460543	VIPER	3.529099071460543	VIPER	3.529099071460543	VIPER	3.529099071460543	VIPER	2.3895501210726406	VIPER	2.3895501210726406	VIPER	2.3895501210726406	VIPER	2.3895501210726406	VIPER	3.5855615622312502	VIPER	3.5855615622312502	VIPER	3.5855615622312502	VIPER	3.5855615622312502	VIPER	2.3895501210726406	VIPER	2.3895501210726406	VIPER	2.3895501210726406	VIPER	2.3895501210726406	VIPER	NA	NA	NA	NA	NA	NA	NA	NA	NA	NA	NA	NA	NA	NA	NA	NA	NA	NA	NA	NA	NA	NA	NA	NA	NA	NA	NA	NA	NA	NA	NA	NA
IRAK1	4.68616338713701	VIPER	4.68616338713701	VIPER	4.68616338713701	VIPER	4.68616338713701	VIPER	2.6636964251572848	VIPER	2.6636964251572848	VIPER	2.6636964251572848	VIPER	2.6636964251572848	VIPER	NA	NA	NA	NA	NA	NA	NA	NA	NA	NA	NA	NA	NA	NA	NA	NA	4.485283620364411	VIPER	4.485283620364411	VIPER	4.485283620364411	VIPER	4.485283620364411	VIPER	2.7260687096230116	VIPER	2.7260687096230116	VIPER	2.7260687096230116	VIPER	2.7260687096230116	VIPER	NA	NA	NA	NA	NA	NA	NA	NA	NA	NA	NA	NA	NA	NA	NA	NA
MAP3K13	-5.323472270326827	VIPER	-5.323472270326827	VIPER	-5.323472270326827	VIPER	-5.323472270326827	VIPER	-2.7957240240582393	VIPER	-2.7957240240582393	VIPER	-2.7957240240582393	VIPER	-2.7957240240582393	VIPER	-5.408643158943182	VIPER	-5.408643158943182	VIPER	-5.408643158943182	VIPER	-5.408643158943182	VIPER	-2.7957240240582393	VIPER	-2.7957240240582393	VIPER	-2.7957240240582393	VIPER	-2.7957240240582393	VIPER	-5.427753245102826	VIPER	-5.427753245102826	VIPER	-5.427753245102826	VIPER	-5.427753245102826	VIPER	-2.929756907601433	VIPER	-2.929756907601433	VIPER	-2.929756907601433	VIPER	-2.929756907601433	VIPER	-6.020480638391698	VIPER	-6.020480638391698	VIPER	-6.020480638391698	VIPER	-6.020480638391698	VIPER	-2.929756907601433	VIPER	-2.929756907601433	VIPER	-2.929756907601433	VIPER	-2.929756907601433	VIPER
MAP3K8	4.221190683731519	VIPER	4.221190683731519	VIPER	4.221190683731519	VIPER	4.221190683731519	VIPER	2.559620961849264	VIPER	2.559620961849264	VIPER	2.559620961849264	VIPER	2.559620961849264	VIPER	4.288726033461145	VIPER	4.288726033461145	VIPER	4.288726033461145	VIPER	4.288726033461145	VIPER	2.559620961849264	VIPER	2.559620961849264	VIPER	2.559620961849264	VIPER	2.559620961849264	VIPER	NA	NA	NA	NA	NA	NA	NA	NA	NA	NA	NA	NA	NA	NA	NA	NA	NA	NA	NA	NA	NA	NA	NA	NA	NA	NA	NA	NA	NA	NA	NA	NA
MAPK1	-0.2693934074137344	VIPER	-0.2693934074137344	VIPER	NA	NA	NA	NA	-0.17167918861555775	VIPER	-0.17167918861555775	VIPER	NA	NA	NA	NA	-0.2737034657237416	VIPER	-0.2737034657237416	VIPER	NA	NA	NA	NA	-0.17167918861555775	VIPER	-0.17167918861555775	VIPER	NA	NA	NA	NA	-0.1052008173541547	VIPER	-0.1052008173541547	VIPER	NA	NA	NA	NA	-0.07444455582650172	VIPER	-0.07444455582650172	VIPER	NA	NA	NA	NA	-0.11668907104336704	VIPER	-0.11668907104336704	VIPER	NA	NA	NA	NA	-0.07444455582650172	VIPER	-0.07444455582650172	VIPER	NA	NA	NA	NA
MARK1	5.5229919687333755	VIPER	5.5229919687333755	VIPER	5.5229919687333755	VIPER	5.5229919687333755	VIPER	2.834877638707871	VIPER	2.834877638707871	VIPER	2.834877638707871	VIPER	2.834877638707871	VIPER	NA	NA	NA	NA	NA	NA	NA	NA	NA	NA	NA	NA	NA	NA	NA	NA	8.710924725438966	VIPER	8.710924725438966	VIPER	8.710924725438966	VIPER	8.710924725438966	VIPER	3.4942776170819685	VIPER	3.4942776170819685	VIPER	3.4942776170819685	VIPER	3.4942776170819685	VIPER	NA	NA	NA	NA	NA	NA	NA	NA	NA	NA	NA	NA	NA	NA	NA	NA
MARK2	10.930622521326368	VIPER	10.930622521326368	VIPER	10.930622521326368	VIPER	10.930622521326368	VIPER	3.655096326534983	VIPER	3.655096326534983	VIPER	3.655096326534983	VIPER	3.655096326534983	VIPER	NA	NA	NA	NA	NA	NA	NA	NA	NA	NA	NA	NA	NA	NA	NA	NA	14.821362132678546	VIPER	14.821362132678546	VIPER	14.821362132678546	VIPER	14.821362132678546	VIPER	4.242924181659105	VIPER	4.242924181659105	VIPER	4.242924181659105	VIPER	4.242924181659105	VIPER	NA	NA	NA	NA	NA	NA	NA	NA	NA	NA	NA	NA	NA	NA	NA	NA
MARK3	4.347274344885344	VIPER	4.347274344885344	VIPER	4.347274344885344	VIPER	4.347274344885344	VIPER	2.58856610711141	VIPER	2.58856610711141	VIPER	2.58856610711141	VIPER	2.58856610711141	VIPER	NA	NA	NA	NA	NA	NA	NA	NA	NA	NA	NA	NA	NA	NA	NA	NA	5.201416560452892	VIPER	5.201416560452892	VIPER	5.201416560452892	VIPER	5.201416560452892	VIPER	2.883138245674993	VIPER	2.883138245674993	VIPER	2.883138245674993	VIPER	2.883138245674993	VIPER	NA	NA	NA	NA	NA	NA	NA	NA	NA	NA	NA	NA	NA	NA	NA	NA
MARK4	11.607158496141407	VIPER	11.607158496141407	VIPER	11.607158496141407	VIPER	11.607158496141407	VIPER	3.736490897687245	VIPER	3.736490897687245	VIPER	3.736490897687245	VIPER	3.736490897687245	VIPER	NA	NA	NA	NA	NA	NA	NA	NA	NA	NA	NA	NA	NA	NA	NA	NA	9.85384506801042	VIPER	9.85384506801042	VIPER	9.85384506801042	VIPER	9.85384506801042	VIPER	3.6564684833967194	VIPER	3.6564684833967194	VIPER	3.6564684833967194	VIPER	3.6564684833967194	VIPER	NA	NA	NA	NA	NA	NA	NA	NA	NA	NA	NA	NA	NA	NA	NA	NA
MASTL	17.233919815139146	VIPER	17.233919815139146	VIPER	17.233919815139146	VIPER	17.233919815139146	VIPER	4.314197042661668	VIPER	4.314197042661668	VIPER	4.314197042661668	VIPER	4.314197042661668	VIPER	NA	NA	NA	NA	NA	NA	NA	NA	NA	NA	NA	NA	NA	NA	NA	NA	2.728515627486366	VIPER	2.728515627486366	VIPER	2.728515627486366	VIPER	2.728515627486366	VIPER	2.252559587877846	VIPER	2.252559587877846	VIPER	2.252559587877846	VIPER	2.252559587877846	VIPER	NA	NA	NA	NA	NA	NA	NA	NA	NA	NA	NA	NA	NA	NA	NA	NA
NEK1	2.4417984983650185	VIPER	2.4417984983650185	VIPER	2.4417984983650185	VIPER	2.4417984983650185	VIPER	2.07055836349599	VIPER	2.07055836349599	VIPER	2.07055836349599	VIPER	2.07055836349599	VIPER	NA	NA	NA	NA	NA	NA	NA	NA	NA	NA	NA	NA	NA	NA	NA	NA	NA	NA	NA	NA	NA	NA	NA	NA	NA	NA	NA	NA	NA	NA	NA	NA	NA	NA	NA	NA	NA	NA	NA	NA	NA	NA	NA	NA	NA	NA	NA	NA
NEK3	4.4618683650732764	VIPER	4.4618683650732764	VIPER	4.4618683650732764	VIPER	4.4618683650732764	VIPER	2.6143934926104553	VIPER	2.6143934926104553	VIPER	2.6143934926104553	VIPER	2.6143934926104553	VIPER	NA	NA	NA	NA	NA	NA	NA	NA	NA	NA	NA	NA	NA	NA	NA	NA	NA	NA	NA	NA	NA	NA	NA	NA	NA	NA	NA	NA	NA	NA	NA	NA	NA	NA	NA	NA	NA	NA	NA	NA	NA	NA	NA	NA	NA	NA	NA	NA
NEK9	3.3785477711295973	VIPER	3.3785477711295973	VIPER	3.3785477711295973	VIPER	3.3785477711295973	VIPER	2.3496769877329617	VIPER	2.3496769877329617	VIPER	2.3496769877329617	VIPER	2.3496769877329617	VIPER	NA	NA	NA	NA	NA	NA	NA	NA	NA	NA	NA	NA	NA	NA	NA	NA	3.2007672617639855	VIPER	3.2007672617639855	VIPER	3.2007672617639855	VIPER	3.2007672617639855	VIPER	2.3960780357962905	VIPER	2.3960780357962905	VIPER	2.3960780357962905	VIPER	2.3960780357962905	VIPER	NA	NA	NA	NA	NA	NA	NA	NA	NA	NA	NA	NA	NA	NA	NA	NA
PRKAB1	10.428765497966602	VIPER	10.428765497966602	VIPER	10.428765497966602	VIPER	10.428765497966602	VIPER	3.592506378861881	VIPER	3.592506378861881	VIPER	3.592506378861881	VIPER	3.592506378861881	VIPER	10.595616601819325	VIPER	10.595616601819325	VIPER	10.595616601819325	VIPER	10.595616601819325	VIPER	3.592506378861881	VIPER	3.592506378861881	VIPER	3.592506378861881	VIPER	3.592506378861881	VIPER	2.631343033010774	VIPER+PhosphoScore	2.631343033010774	VIPER+PhosphoScore	2.631343033010774	VIPER+PhosphoScore	2.631343033010774	VIPER+PhosphoScore	2.107530117387786	VIPER+PhosphoScore	2.107530117387786	VIPER+PhosphoScore	2.107530117387786	VIPER+PhosphoScore	2.107530117387786	VIPER+PhosphoScore	4.083669519992639	VIPER+PhosphoScore	4.083669519992639	VIPER+PhosphoScore	4.083669519992639	VIPER+PhosphoScore	4.083669519992639	VIPER+PhosphoScore	2.365111478005036	VIPER+PhosphoScore	2.365111478005036	VIPER+PhosphoScore	2.365111478005036	VIPER+PhosphoScore	2.365111478005036	VIPER+PhosphoScore
PRKAG1	7.025768722353586	VIPER	7.025768722353586	VIPER	7.025768722353586	VIPER	7.025768722353586	VIPER	3.103143755595238	VIPER	3.103143755595238	VIPER	3.103143755595238	VIPER	3.103143755595238	VIPER	7.186432497197225	VIPER	7.186432497197225	VIPER	7.186432497197225	VIPER	7.186432497197225	VIPER	3.11096700404773	VIPER	3.11096700404773	VIPER	3.11096700404773	VIPER	3.11096700404773	VIPER	2.7367990265326583	VIPER	2.7367990265326583	VIPER	2.7367990265326583	VIPER	2.7367990265326583	VIPER	2.255213149351422	VIPER	2.255213149351422	VIPER	2.255213149351422	VIPER	2.255213149351422	VIPER	3.2314650527923265	VIPER	3.2314650527923265	VIPER	3.2314650527923265	VIPER	3.2314650527923265	VIPER	2.3105426284008193	VIPER	2.3105426284008193	VIPER	2.3105426284008193	VIPER	2.3105426284008193	VIPER
PRKAG2	4.173685463837663	VIPER	4.173685463837663	VIPER	4.173685463837663	VIPER	4.173685463837663	VIPER	2.5485662294066045	VIPER	2.5485662294066045	VIPER	2.5485662294066045	VIPER	2.5485662294066045	VIPER	5.939394480244447	VIPER	5.939394480244447	VIPER	5.939394480244447	VIPER	5.939394480244447	VIPER	2.896286970757127	VIPER	2.896286970757127	VIPER	2.896286970757127	VIPER	2.896286970757127	VIPER	NA	NA	NA	NA	NA	NA	NA	NA	NA	NA	NA	NA	NA	NA	NA	NA	3.7696357443806368	VIPER	3.7696357443806368	VIPER	3.7696357443806368	VIPER	3.7696357443806368	VIPER	2.45200494056969	VIPER	2.45200494056969	VIPER	2.45200494056969	VIPER	2.45200494056969	VIPER
PRKAG3	7.025768722353586	VIPER	7.025768722353586	VIPER	7.025768722353586	VIPER	7.025768722353586	VIPER	3.103143755595238	VIPER	3.103143755595238	VIPER	3.103143755595238	VIPER	3.103143755595238	VIPER	7.138174861600574	VIPER	7.138174861600574	VIPER	7.138174861600574	VIPER	7.138174861600574	VIPER	3.103143755595238	VIPER	3.103143755595238	VIPER	3.103143755595238	VIPER	3.103143755595238	VIPER	2.736170234800291	VIPER	2.736170234800291	VIPER	2.736170234800291	VIPER	2.736170234800291	VIPER	2.2550119040145304	VIPER	2.2550119040145304	VIPER	2.2550119040145304	VIPER	2.2550119040145304	VIPER	3.2314650527923265	VIPER	3.2314650527923265	VIPER	3.2314650527923265	VIPER	3.2314650527923265	VIPER	2.3105426284008193	VIPER	2.3105426284008193	VIPER	2.3105426284008193	VIPER	2.3105426284008193	VIPER
PRKCE	-2.6150661581928887	VIPER	-2.6150661581928887	VIPER	-2.6150661581928887	VIPER	-2.6150661581928887	VIPER	-2.1269426214776463	VIPER	-2.1269426214776463	VIPER	-2.1269426214776463	VIPER	-2.1269426214776463	VIPER	-2.656904923790548	VIPER	-2.656904923790548	VIPER	-2.656904923790548	VIPER	-2.656904923790548	VIPER	-2.1269426214776463	VIPER	-2.1269426214776463	VIPER	-2.1269426214776463	VIPER	-2.1269426214776463	VIPER	NA	NA	NA	NA	NA	NA	NA	NA	NA	NA	NA	NA	NA	NA	NA	NA	NA	NA	NA	NA	NA	NA	NA	NA	NA	NA	NA	NA	NA	NA	NA	NA
ULK1	5.55254032140403	VIPER	5.55254032140403	VIPER	5.55254032140403	VIPER	5.55254032140403	VIPER	2.840595606452732	VIPER	2.840595606452732	VIPER	2.840595606452732	VIPER	2.840595606452732	VIPER	8.856954577820135	VIPER	8.856954577820135	VIPER	8.856954577820135	VIPER	8.856954577820135	VIPER	3.3625180603670715	VIPER	3.3625180603670715	VIPER	3.3625180603670715	VIPER	3.3625180603670715	VIPER	1.748116127626847	VIPER+PhosphoScore	1.748116127626847	VIPER+PhosphoScore	1.748116127626847	VIPER+PhosphoScore	1.748116127626847	VIPER+PhosphoScore	0.8723756904600031	VIPER+PhosphoScore	0.8723756904600031	VIPER+PhosphoScore	0.8723756904600031	VIPER+PhosphoScore	0.8723756904600031	VIPER+PhosphoScore	-0.978996912638348	PhosphoScore	-0.978996912638348	PhosphoScore	-0.978996912638348	PhosphoScore	-0.978996912638348	PhosphoScore	-0.978996912638348	PhosphoScore	-0.978996912638348	PhosphoScore	-0.978996912638348	PhosphoScore	-0.978996912638348	PhosphoScore
CDK12	5.43255435516764	PhosphoScore	5.43255435516764	PhosphoScore	5.43255435516764	PhosphoScore	5.43255435516764	PhosphoScore	5.43255435516764	PhosphoScore	5.43255435516764	PhosphoScore	5.43255435516764	PhosphoScore	5.43255435516764	PhosphoScore	5.43255435516764	PhosphoScore	5.43255435516764	PhosphoScore	5.43255435516764	PhosphoScore	5.43255435516764	PhosphoScore	5.43255435516764	PhosphoScore	5.43255435516764	PhosphoScore	5.43255435516764	PhosphoScore	5.43255435516764	PhosphoScore	4.26355425516764	PhosphoScore	4.26355425516764	PhosphoScore	4.26355425516764	PhosphoScore	4.26355425516764	PhosphoScore	4.26355425516764	PhosphoScore	4.26355425516764	PhosphoScore	4.26355425516764	PhosphoScore	4.26355425516764	PhosphoScore	4.26355425516764	PhosphoScore	4.26355425516764	PhosphoScore	4.26355425516764	PhosphoScore	4.26355425516764	PhosphoScore	4.26355425516764	PhosphoScore	4.26355425516764	PhosphoScore	4.26355425516764	PhosphoScore	4.26355425516764	PhosphoScore
LATS1	-0.86517651875814	PhosphoScore	NA	NA	-0.86517651875814	PhosphoScore	NA	NA	-0.86517651875814	PhosphoScore	NA	NA	-0.86517651875814	PhosphoScore	NA	NA	-0.86517651875814	PhosphoScore	NA	NA	-0.86517651875814	PhosphoScore	NA	NA	-0.86517651875814	PhosphoScore	NA	NA	-0.86517651875814	PhosphoScore	NA	NA	-0.86517651875814	PhosphoScore	NA	NA	-0.86517651875814	PhosphoScore	NA	NA	-0.86517651875814	PhosphoScore	NA	NA	-0.86517651875814	PhosphoScore	NA	NA	-0.86517651875814	PhosphoScore	NA	NA	-0.86517651875814	PhosphoScore	NA	NA	-0.86517651875814	PhosphoScore	NA	NA	-0.86517651875814	PhosphoScore	NA	NA
NME1	7.103711716666668	PhosphoScore	7.2308614333333345	PhosphoScore	7.103711716666668	PhosphoScore	7.2308614333333345	PhosphoScore	7.103711716666668	PhosphoScore	7.2308614333333345	PhosphoScore	7.103711716666668	PhosphoScore	7.2308614333333345	PhosphoScore	7.103711716666668	PhosphoScore	7.2308614333333345	PhosphoScore	7.103711716666668	PhosphoScore	7.2308614333333345	PhosphoScore	7.103711716666668	PhosphoScore	7.2308614333333345	PhosphoScore	7.103711716666668	PhosphoScore	7.2308614333333345	PhosphoScore	NA	NA	NA	NA	NA	NA	NA	NA	NA	NA	NA	NA	NA	NA	NA	NA	NA	NA	NA	NA	NA	NA	NA	NA	NA	NA	NA	NA	NA	NA	NA	NA
PRKAA1	-4.549451155745444	PhosphoScore	-4.549451155745444	PhosphoScore	-4.549451155745444	PhosphoScore	-4.549451155745444	PhosphoScore	-4.549451155745444	PhosphoScore	-4.549451155745444	PhosphoScore	-4.549451155745444	PhosphoScore	-4.549451155745444	PhosphoScore	-0.22682740803938017	VIPER+PhosphoScore	-0.22682740803938017	VIPER+PhosphoScore	-0.22682740803938017	VIPER+PhosphoScore	-0.22682740803938017	VIPER+PhosphoScore	-1.0172639753005188	VIPER+PhosphoScore	-1.0172639753005188	VIPER+PhosphoScore	-1.0172639753005188	VIPER+PhosphoScore	-1.0172639753005188	VIPER+PhosphoScore	-4.05648422241211	PhosphoScore	-4.05648422241211	PhosphoScore	-4.05648422241211	PhosphoScore	-4.05648422241211	PhosphoScore	-4.05648422241211	PhosphoScore	-4.05648422241211	PhosphoScore	-4.05648422241211	PhosphoScore	-4.05648422241211	PhosphoScore	-4.05648422241211	PhosphoScore	-4.05648422241211	PhosphoScore	-4.05648422241211	PhosphoScore	-4.05648422241211	PhosphoScore	-4.05648422241211	PhosphoScore	-4.05648422241211	PhosphoScore	-4.05648422241211	PhosphoScore	-4.05648422241211	PhosphoScore
PRKCA	-3.14717353076172	PhosphoScore	NA	NA	-3.14717353076172	PhosphoScore	NA	NA	-3.14717353076172	PhosphoScore	NA	NA	-3.14717353076172	PhosphoScore	NA	NA	-3.14717353076172	PhosphoScore	NA	NA	-3.14717353076172	PhosphoScore	NA	NA	-3.14717353076172	PhosphoScore	NA	NA	-3.14717353076172	PhosphoScore	NA	NA	-2.77544403076172	PhosphoScore	NA	NA	-2.77544403076172	PhosphoScore	NA	NA	-2.77544403076172	PhosphoScore	NA	NA	-2.77544403076172	PhosphoScore	NA	NA	-2.77544403076172	PhosphoScore	NA	NA	-2.77544403076172	PhosphoScore	NA	NA	-2.77544403076172	PhosphoScore	NA	NA	-2.77544403076172	PhosphoScore	NA	NA
PRKCD	4.4108142752767	PhosphoScore	4.4108142752767	PhosphoScore	4.4108142752767	PhosphoScore	4.4108142752767	PhosphoScore	4.4108142752767	PhosphoScore	4.4108142752767	PhosphoScore	4.4108142752767	PhosphoScore	4.4108142752767	PhosphoScore	4.4108142752767	PhosphoScore	4.4108142752767	PhosphoScore	4.4108142752767	PhosphoScore	4.4108142752767	PhosphoScore	4.4108142752767	PhosphoScore	4.4108142752767	PhosphoScore	4.4108142752767	PhosphoScore	4.4108142752767	PhosphoScore	2.8952229817708353	PhosphoScore	4.6181500752767	PhosphoScore	2.8952229817708353	PhosphoScore	4.6181500752767	PhosphoScore	2.8952229817708353	PhosphoScore	4.6181500752767	PhosphoScore	2.8952229817708353	PhosphoScore	4.6181500752767	PhosphoScore	2.8952229817708353	PhosphoScore	4.6181500752767	PhosphoScore	2.8952229817708353	PhosphoScore	4.6181500752767	PhosphoScore	2.8952229817708353	PhosphoScore	4.6181500752767	PhosphoScore	2.8952229817708353	PhosphoScore	4.6181500752767	PhosphoScore
PTPN12	2.998775011995443	PhosphoScore	NA	NA	2.998775011995443	PhosphoScore	NA	NA	2.998775011995443	PhosphoScore	NA	NA	2.998775011995443	PhosphoScore	NA	NA	2.998775011995443	PhosphoScore	NA	NA	2.998775011995443	PhosphoScore	NA	NA	2.998775011995443	PhosphoScore	NA	NA	2.998775011995443	PhosphoScore	NA	NA	2.35970687866211	PhosphoScore	NA	NA	2.35970687866211	PhosphoScore	NA	NA	2.35970687866211	PhosphoScore	NA	NA	2.35970687866211	PhosphoScore	NA	NA	2.35970687866211	PhosphoScore	NA	NA	2.35970687866211	PhosphoScore	NA	NA	2.35970687866211	PhosphoScore	NA	NA	2.35970687866211	PhosphoScore	NA	NA
PTPRA	3.51985041300455	PhosphoScore	3.51985041300455	PhosphoScore	3.51985041300455	PhosphoScore	3.51985041300455	PhosphoScore	3.51985041300455	PhosphoScore	3.51985041300455	PhosphoScore	3.51985041300455	PhosphoScore	3.51985041300455	PhosphoScore	3.51985041300455	PhosphoScore	3.51985041300455	PhosphoScore	3.51985041300455	PhosphoScore	3.51985041300455	PhosphoScore	3.51985041300455	PhosphoScore	3.51985041300455	PhosphoScore	3.51985041300455	PhosphoScore	3.51985041300455	PhosphoScore	3.51985041300455	PhosphoScore	3.51985041300455	PhosphoScore	3.51985041300455	PhosphoScore	3.51985041300455	PhosphoScore	3.51985041300455	PhosphoScore	3.51985041300455	PhosphoScore	3.51985041300455	PhosphoScore	3.51985041300455	PhosphoScore	3.51985041300455	PhosphoScore	3.51985041300455	PhosphoScore	3.51985041300455	PhosphoScore	3.51985041300455	PhosphoScore	3.51985041300455	PhosphoScore	3.51985041300455	PhosphoScore	3.51985041300455	PhosphoScore	3.51985041300455	PhosphoScore
RPS6KB1	-1.4171464708116333	PhosphoScore	-3.26188659667969	PhosphoScore	-1.4171464708116333	PhosphoScore	-3.26188659667969	PhosphoScore	-1.4171464708116333	PhosphoScore	-3.26188659667969	PhosphoScore	-1.4171464708116333	PhosphoScore	-3.26188659667969	PhosphoScore	-1.4171464708116333	PhosphoScore	-3.26188659667969	PhosphoScore	-1.4171464708116333	PhosphoScore	-3.26188659667969	PhosphoScore	-1.4171464708116333	PhosphoScore	-3.26188659667969	PhosphoScore	-1.4171464708116333	PhosphoScore	-3.26188659667969	PhosphoScore	-1.4171464708116333	PhosphoScore	-3.26188659667969	PhosphoScore	-1.4171464708116333	PhosphoScore	-3.26188659667969	PhosphoScore	-1.4171464708116333	PhosphoScore	-3.26188659667969	PhosphoScore	-1.4171464708116333	PhosphoScore	-3.26188659667969	PhosphoScore	-1.4171464708116333	PhosphoScore	-3.26188659667969	PhosphoScore	-1.4171464708116333	PhosphoScore	-3.26188659667969	PhosphoScore	-1.4171464708116333	PhosphoScore	-3.26188659667969	PhosphoScore	-1.4171464708116333	PhosphoScore	-3.26188659667969	PhosphoScore
STK39	-3.61143440965983	PhosphoScore	-3.61143440965983	PhosphoScore	-3.61143440965983	PhosphoScore	-3.61143440965983	PhosphoScore	-3.61143440965983	PhosphoScore	-3.61143440965983	PhosphoScore	-3.61143440965983	PhosphoScore	-3.61143440965983	PhosphoScore	-3.61143440965983	PhosphoScore	-3.61143440965983	PhosphoScore	-3.61143440965983	PhosphoScore	-3.61143440965983	PhosphoScore	-3.61143440965983	PhosphoScore	-3.61143440965983	PhosphoScore	-3.61143440965983	PhosphoScore	-3.61143440965983	PhosphoScore	-2.66130510965983	PhosphoScore	-2.66130510965983	PhosphoScore	-2.66130510965983	PhosphoScore	-2.66130510965983	PhosphoScore	-2.66130510965983	PhosphoScore	-2.66130510965983	PhosphoScore	-2.66130510965983	PhosphoScore	-2.66130510965983	PhosphoScore	-2.66130510965983	PhosphoScore	-2.66130510965983	PhosphoScore	-2.66130510965983	PhosphoScore	-2.66130510965983	PhosphoScore	-2.66130510965983	PhosphoScore	-2.66130510965983	PhosphoScore	-2.66130510965983	PhosphoScore	-2.66130510965983	PhosphoScore
TOP1	-4.66430661861979	PhosphoScore	NA	NA	-4.66430661861979	PhosphoScore	NA	NA	-4.66430661861979	PhosphoScore	NA	NA	-4.66430661861979	PhosphoScore	NA	NA	-4.66430661861979	PhosphoScore	NA	NA	-4.66430661861979	PhosphoScore	NA	NA	-4.66430661861979	PhosphoScore	NA	NA	-4.66430661861979	PhosphoScore	NA	NA	-4.95356241861979	PhosphoScore	NA	NA	-4.95356241861979	PhosphoScore	NA	NA	-4.95356241861979	PhosphoScore	NA	NA	-4.95356241861979	PhosphoScore	NA	NA	-4.95356241861979	PhosphoScore	NA	NA	-4.95356241861979	PhosphoScore	NA	NA	-4.95356241861979	PhosphoScore	NA	NA	-4.95356241861979	PhosphoScore	NA	NA
WEE1	-1.89186795552572	PhosphoScore	NA	NA	-1.89186795552572	PhosphoScore	NA	NA	-1.89186795552572	PhosphoScore	NA	NA	-1.89186795552572	PhosphoScore	NA	NA	-1.89186795552572	PhosphoScore	NA	NA	-1.89186795552572	PhosphoScore	NA	NA	-1.89186795552572	PhosphoScore	NA	NA	-1.89186795552572	PhosphoScore	NA	NA	-1.89186795552572	PhosphoScore	NA	NA	-1.89186795552572	PhosphoScore	NA	NA	-1.89186795552572	PhosphoScore	NA	NA	-1.89186795552572	PhosphoScore	NA	NA	-1.89186795552572	PhosphoScore	NA	NA	-1.89186795552572	PhosphoScore	NA	NA	-1.89186795552572	PhosphoScore	NA	NA	-1.89186795552572	PhosphoScore	NA	NA
ATR	NA	NA	NA	NA	NA	NA	NA	NA	NA	NA	NA	NA	NA	NA	NA	NA	6.41404653840471	VIPER	6.41404653840471	VIPER	6.41404653840471	VIPER	6.41404653840471	VIPER	2.981257410663453	VIPER	2.981257410663453	VIPER	2.981257410663453	VIPER	2.981257410663453	VIPER	NA	NA	NA	NA	NA	NA	NA	NA	NA	NA	NA	NA	NA	NA	NA	NA	6.107532306501585	VIPER	6.107532306501585	VIPER	6.107532306501585	VIPER	6.107532306501585	VIPER	2.9456183764999975	VIPER	2.9456183764999975	VIPER	2.9456183764999975	VIPER	2.9456183764999975	VIPER
CDK10	NA	NA	NA	NA	NA	NA	NA	NA	NA	NA	NA	NA	NA	NA	NA	NA	-14.512133150131708	VIPER	-14.512133150131708	VIPER	-14.512133150131708	VIPER	-14.512133150131708	VIPER	-4.030407395064858	VIPER	-4.030407395064858	VIPER	-4.030407395064858	VIPER	-4.030407395064858	VIPER	NA	NA	NA	NA	NA	NA	NA	NA	NA	NA	NA	NA	NA	NA	NA	NA	-10.1334445690087	VIPER	-10.1334445690087	VIPER	-10.1334445690087	VIPER	-10.1334445690087	VIPER	-3.5561486615277405	VIPER	-3.5561486615277405	VIPER	-3.5561486615277405	VIPER	-3.5561486615277405	VIPER
CDK17	NA	NA	NA	NA	NA	NA	NA	NA	NA	NA	NA	NA	NA	NA	NA	NA	-14.924989800188271	VIPER	-14.924989800188271	VIPER	-14.924989800188271	VIPER	-14.924989800188271	VIPER	-4.071702492577593	VIPER	-4.071702492577593	VIPER	-4.071702492577593	VIPER	-4.071702492577593	VIPER	NA	NA	NA	NA	NA	NA	NA	NA	NA	NA	NA	NA	NA	NA	NA	NA	-10.1334445690087	VIPER	-10.1334445690087	VIPER	-10.1334445690087	VIPER	-10.1334445690087	VIPER	-3.5561486615277405	VIPER	-3.5561486615277405	VIPER	-3.5561486615277405	VIPER	-3.5561486615277405	VIPER
CDK18	NA	NA	NA	NA	NA	NA	NA	NA	NA	NA	NA	NA	NA	NA	NA	NA	-4.960225808632102	VIPER	-4.960225808632102	VIPER	-4.960225808632102	VIPER	-4.960225808632102	VIPER	-2.7055000085772316	VIPER	-2.7055000085772316	VIPER	-2.7055000085772316	VIPER	-2.7055000085772316	VIPER	NA	NA	NA	NA	NA	NA	NA	NA	NA	NA	NA	NA	NA	NA	NA	NA	-5.620095472433627	VIPER	-5.620095472433627	VIPER	-5.620095472433627	VIPER	-5.620095472433627	VIPER	-2.8547633454527825	VIPER	-2.8547633454527825	VIPER	-2.8547633454527825	VIPER	-2.8547633454527825	VIPER
CDK19	NA	NA	NA	NA	NA	NA	NA	NA	NA	NA	NA	NA	NA	NA	NA	NA	-17.115333548635004	VIPER	-17.115333548635004	VIPER	-17.115333548635004	VIPER	-17.115333548635004	VIPER	-4.278833387158751	VIPER	-4.278833387158751	VIPER	-4.278833387158751	VIPER	-4.278833387158751	VIPER	NA	NA	NA	NA	NA	NA	NA	NA	NA	NA	NA	NA	NA	NA	NA	NA	-4.620283185306042	VIPER	-4.620283185306042	VIPER	-4.620283185306042	VIPER	-4.620283185306042	VIPER	-2.6504776332669566	VIPER	-2.6504776332669566	VIPER	-2.6504776332669566	VIPER	-2.6504776332669566	VIPER
CDK6	NA	NA	NA	NA	NA	NA	NA	NA	NA	NA	NA	NA	NA	NA	NA	NA	-5.469937579121234	VIPER	-5.469937579121234	VIPER	-5.469937579121234	VIPER	-5.469937579121234	VIPER	-2.807664677697153	VIPER	-2.807664677697153	VIPER	-2.807664677697153	VIPER	-2.807664677697153	VIPER	NA	NA	NA	NA	NA	NA	NA	NA	NA	NA	NA	NA	NA	NA	NA	NA	-4.557481866415924	VIPER	-4.557481866415924	VIPER	-4.557481866415924	VIPER	-4.557481866415924	VIPER	-2.636699236528666	VIPER	-2.636699236528666	VIPER	-2.636699236528666	VIPER	-2.636699236528666	VIPER
CDK8	NA	NA	NA	NA	NA	NA	NA	NA	NA	NA	NA	NA	NA	NA	NA	NA	-14.924989800188271	VIPER	-14.924989800188271	VIPER	-14.924989800188271	VIPER	-14.924989800188271	VIPER	-4.071702492577593	VIPER	-4.071702492577593	VIPER	-4.071702492577593	VIPER	-4.071702492577593	VIPER	NA	NA	NA	NA	NA	NA	NA	NA	NA	NA	NA	NA	NA	NA	NA	NA	-10.1334445690087	VIPER	-10.1334445690087	VIPER	-10.1334445690087	VIPER	-10.1334445690087	VIPER	-3.5561486615277405	VIPER	-3.5561486615277405	VIPER	-3.5561486615277405	VIPER	-3.5561486615277405	VIPER
PAK2	NA	NA	NA	NA	NA	NA	NA	NA	NA	NA	NA	NA	NA	NA	NA	NA	-4.637111646743574	VIPER	-4.637111646743574	VIPER	-4.637111646743574	VIPER	-4.637111646743574	VIPER	-2.6370628360413426	VIPER	-2.6370628360413426	VIPER	-2.6370628360413426	VIPER	-2.6370628360413426	VIPER	-9.40670915203183	VIPER	-9.40670915203183	VIPER	-9.40670915203183	VIPER	-9.40670915203183	VIPER	-3.594600144930355	VIPER	-3.594600144930355	VIPER	-3.594600144930355	VIPER	-3.594600144930355	VIPER	-2.1424653753948286	VIPER	-2.1424653753948286	VIPER	-2.1424653753948286	VIPER	-2.1424653753948286	VIPER	-1.96745103491476	VIPER	-1.96745103491476	VIPER	-1.96745103491476	VIPER	-1.96745103491476	VIPER
PLK1	NA	NA	NA	NA	NA	NA	NA	NA	NA	NA	NA	NA	NA	NA	NA	NA	-2.164425189918162	VIPER	-2.164425189918162	VIPER	-2.164425189918162	VIPER	-2.164425189918162	VIPER	-1.9622003524039453	VIPER	-1.9622003524039453	VIPER	-1.9622003524039453	VIPER	-1.9622003524039453	VIPER	NA	NA	NA	NA	NA	NA	NA	NA	NA	NA	NA	NA	NA	NA	NA	NA	NA	NA	NA	NA	NA	NA	NA	NA	NA	NA	NA	NA	NA	NA	NA	NA
PRKDC	NA	NA	NA	NA	NA	NA	NA	NA	NA	NA	NA	NA	NA	NA	NA	NA	8.754993390558402	VIPER	8.754993390558402	VIPER	8.754993390558402	VIPER	8.754993390558402	VIPER	3.3481231246563827	VIPER	3.3481231246563827	VIPER	3.3481231246563827	VIPER	3.3481231246563827	VIPER	6.819943895834759	VIPER+PhosphoScore	6.48047676771688	VIPER+PhosphoScore	6.819943895834759	VIPER+PhosphoScore	6.48047676771688	VIPER+PhosphoScore	2.8464395910459555	VIPER+PhosphoScore	2.5069724629280765	VIPER+PhosphoScore	2.8464395910459555	VIPER+PhosphoScore	2.5069724629280765	VIPER+PhosphoScore	9.530127323338393	VIPER+PhosphoScore	9.190660195220513	VIPER+PhosphoScore	9.530127323338393	VIPER+PhosphoScore	9.190660195220513	VIPER+PhosphoScore	3.049996146725863	VIPER+PhosphoScore	2.7105290186079847	VIPER+PhosphoScore	3.049996146725863	VIPER+PhosphoScore	2.7105290186079847	VIPER+PhosphoScore
TBK1	NA	NA	NA	NA	NA	NA	NA	NA	NA	NA	NA	NA	NA	NA	NA	NA	3.8584982113043367	VIPER	3.8584982113043367	VIPER	3.8584982113043367	VIPER	3.8584982113043367	VIPER	2.4579864284962523	VIPER	2.4579864284962523	VIPER	2.4579864284962523	VIPER	2.4579864284962523	VIPER	NA	NA	NA	NA	NA	NA	NA	NA	NA	NA	NA	NA	NA	NA	NA	NA	NA	NA	NA	NA	NA	NA	NA	NA	NA	NA	NA	NA	NA	NA	NA	NA
CAMK4	NA	NA	NA	NA	NA	NA	NA	NA	NA	NA	NA	NA	NA	NA	NA	NA	NA	NA	NA	NA	NA	NA	NA	NA	NA	NA	NA	NA	NA	NA	NA	NA	2.080924557769268	VIPER	2.080924557769268	VIPER	2.080924557769268	VIPER	2.080924557769268	VIPER	2.026115643189985	VIPER	2.026115643189985	VIPER	2.026115643189985	VIPER	2.026115643189985	VIPER	NA	NA	NA	NA	NA	NA	NA	NA	NA	NA	NA	NA	NA	NA	NA	NA
CDK14	NA	NA	NA	NA	NA	NA	NA	NA	NA	NA	NA	NA	NA	NA	NA	NA	NA	NA	NA	NA	NA	NA	NA	NA	NA	NA	NA	NA	NA	NA	NA	NA	-3.245756879546535	VIPER	-3.245756879546535	VIPER	-3.245756879546535	VIPER	-3.245756879546535	VIPER	-2.408999387642369	VIPER	-2.408999387642369	VIPER	-2.408999387642369	VIPER	-2.408999387642369	VIPER	NA	NA	NA	NA	NA	NA	NA	NA	NA	NA	NA	NA	NA	NA	NA	NA
CDK20	NA	NA	NA	NA	NA	NA	NA	NA	NA	NA	NA	NA	NA	NA	NA	NA	NA	NA	NA	NA	NA	NA	NA	NA	NA	NA	NA	NA	NA	NA	NA	NA	-6.876390294226249	VIPER	-6.876390294226249	VIPER	-6.876390294226249	VIPER	-6.876390294226249	VIPER	-3.201027315902188	VIPER	-3.201027315902188	VIPER	-3.201027315902188	VIPER	-3.201027315902188	VIPER	NA	NA	NA	NA	NA	NA	NA	NA	NA	NA	NA	NA	NA	NA	NA	NA
HIPK3	NA	NA	NA	NA	NA	NA	NA	NA	NA	NA	NA	NA	NA	NA	NA	NA	NA	NA	NA	NA	NA	NA	NA	NA	NA	NA	NA	NA	NA	NA	NA	NA	-3.5891514284725203	VIPER	-3.5891514284725203	VIPER	-3.5891514284725203	VIPER	-3.5891514284725203	VIPER	-2.503916940172795	VIPER	-2.503916940172795	VIPER	-2.503916940172795	VIPER	-2.503916940172795	VIPER	NA	NA	NA	NA	NA	NA	NA	NA	NA	NA	NA	NA	NA	NA	NA	NA
HIPK4	NA	NA	NA	NA	NA	NA	NA	NA	NA	NA	NA	NA	NA	NA	NA	NA	NA	NA	NA	NA	NA	NA	NA	NA	NA	NA	NA	NA	NA	NA	NA	NA	-2.86989403926614	VIPER	-2.86989403926614	VIPER	-2.86989403926614	VIPER	-2.86989403926614	VIPER	-2.297140777036415	VIPER	-2.297140777036415	VIPER	-2.297140777036415	VIPER	-2.297140777036415	VIPER	NA	NA	NA	NA	NA	NA	NA	NA	NA	NA	NA	NA	NA	NA	NA	NA
LIMK2	NA	NA	NA	NA	NA	NA	NA	NA	NA	NA	NA	NA	NA	NA	NA	NA	NA	NA	NA	NA	NA	NA	NA	NA	NA	NA	NA	NA	NA	NA	NA	NA	0.6205726219226995	VIPER	0.6205726219226995	VIPER	NA	NA	NA	NA	0.3409330271222162	VIPER	0.3409330271222162	VIPER	NA	NA	NA	NA	0.6883410660520555	VIPER	0.6883410660520555	VIPER	NA	NA	NA	NA	0.3409330271222162	VIPER	0.3409330271222162	VIPER	NA	NA	NA	NA
NLK	NA	NA	NA	NA	NA	NA	NA	NA	NA	NA	NA	NA	NA	NA	NA	NA	NA	NA	NA	NA	NA	NA	NA	NA	NA	NA	NA	NA	NA	NA	NA	NA	-3.271006395794819	VIPER	-3.271006395794819	VIPER	-3.271006395794819	VIPER	-3.271006395794819	VIPER	-2.416199317752885	VIPER	-2.416199317752885	VIPER	-2.416199317752885	VIPER	-2.416199317752885	VIPER	NA	NA	NA	NA	NA	NA	NA	NA	NA	NA	NA	NA	NA	NA	NA	NA
NUAK1	NA	NA	NA	NA	NA	NA	NA	NA	NA	NA	NA	NA	NA	NA	NA	NA	NA	NA	NA	NA	NA	NA	NA	NA	NA	NA	NA	NA	NA	NA	NA	NA	2.322138093625448	VIPER	2.322138093625448	VIPER	2.322138093625448	VIPER	2.322138093625448	VIPER	2.1152604715378134	VIPER	2.1152604715378134	VIPER	2.1152604715378134	VIPER	2.1152604715378134	VIPER	NA	NA	NA	NA	NA	NA	NA	NA	NA	NA	NA	NA	NA	NA	NA	NA
PAK1	NA	NA	NA	NA	NA	NA	NA	NA	NA	NA	NA	NA	NA	NA	NA	NA	NA	NA	NA	NA	NA	NA	NA	NA	NA	NA	NA	NA	NA	NA	NA	NA	-4.1515233462705154	VIPER	-4.1515233462705154	VIPER	-4.1515233462705154	VIPER	-4.1515233462705154	VIPER	-2.6471103590488387	VIPER	-2.6471103590488387	VIPER	-2.6471103590488387	VIPER	-2.6471103590488387	VIPER	NA	NA	NA	NA	NA	NA	NA	NA	NA	NA	NA	NA	NA	NA	NA	NA
PAK3	NA	NA	NA	NA	NA	NA	NA	NA	NA	NA	NA	NA	NA	NA	NA	NA	NA	NA	NA	NA	NA	NA	NA	NA	NA	NA	NA	NA	NA	NA	NA	NA	-6.714130914662718	VIPER	-6.714130914662718	VIPER	-6.714130914662718	VIPER	-6.714130914662718	VIPER	-3.1726698366968007	VIPER	-3.1726698366968007	VIPER	-3.1726698366968007	VIPER	-3.1726698366968007	VIPER	NA	NA	NA	NA	NA	NA	NA	NA	NA	NA	NA	NA	NA	NA	NA	NA
PAK4	NA	NA	NA	NA	NA	NA	NA	NA	NA	NA	NA	NA	NA	NA	NA	NA	NA	NA	NA	NA	NA	NA	NA	NA	NA	NA	NA	NA	NA	NA	NA	NA	-12.776739352795149	VIPER	-12.776739352795149	VIPER	-12.776739352795149	VIPER	-12.776739352795149	VIPER	-4.020516386246851	VIPER	-4.020516386246851	VIPER	-4.020516386246851	VIPER	-4.020516386246851	VIPER	NA	NA	NA	NA	NA	NA	NA	NA	NA	NA	NA	NA	NA	NA	NA	NA
PAK5	NA	NA	NA	NA	NA	NA	NA	NA	NA	NA	NA	NA	NA	NA	NA	NA	NA	NA	NA	NA	NA	NA	NA	NA	NA	NA	NA	NA	NA	NA	NA	NA	-3.030977518145265	VIPER	-3.030977518145265	VIPER	-3.030977518145265	VIPER	-3.030977518145265	VIPER	-2.346200310798656	VIPER	-2.346200310798656	VIPER	-2.346200310798656	VIPER	-2.346200310798656	VIPER	NA	NA	NA	NA	NA	NA	NA	NA	NA	NA	NA	NA	NA	NA	NA	NA
PAK6	NA	NA	NA	NA	NA	NA	NA	NA	NA	NA	NA	NA	NA	NA	NA	NA	NA	NA	NA	NA	NA	NA	NA	NA	NA	NA	NA	NA	NA	NA	NA	NA	-6.541773073259243	VIPER	-6.541773073259243	VIPER	-6.541773073259243	VIPER	-6.541773073259243	VIPER	-3.142040775079472	VIPER	-3.142040775079472	VIPER	-3.142040775079472	VIPER	-3.142040775079472	VIPER	NA	NA	NA	NA	NA	NA	NA	NA	NA	NA	NA	NA	NA	NA	NA	NA
PINK1	NA	NA	NA	NA	NA	NA	NA	NA	NA	NA	NA	NA	NA	NA	NA	NA	NA	NA	NA	NA	NA	NA	NA	NA	NA	NA	NA	NA	NA	NA	NA	NA	-2.1852359558304366	VIPER	-2.1852359558304366	VIPER	-2.1852359558304366	VIPER	-2.1852359558304366	VIPER	-2.065457281287434	VIPER	-2.065457281287434	VIPER	-2.065457281287434	VIPER	-2.065457281287434	VIPER	NA	NA	NA	NA	NA	NA	NA	NA	NA	NA	NA	NA	NA	NA	NA	NA
PLK4	NA	NA	NA	NA	NA	NA	NA	NA	NA	NA	NA	NA	NA	NA	NA	NA	NA	NA	NA	NA	NA	NA	NA	NA	NA	NA	NA	NA	NA	NA	NA	NA	2.0751563182148236	VIPER	2.0751563182148236	VIPER	2.0751563182148236	VIPER	2.0751563182148236	VIPER	2.0239026887592386	VIPER	2.0239026887592386	VIPER	2.0239026887592386	VIPER	2.0239026887592386	VIPER	NA	NA	NA	NA	NA	NA	NA	NA	NA	NA	NA	NA	NA	NA	NA	NA
SLK	NA	NA	NA	NA	NA	NA	NA	NA	NA	NA	NA	NA	NA	NA	NA	NA	NA	NA	NA	NA	NA	NA	NA	NA	NA	NA	NA	NA	NA	NA	NA	NA	-4.1578945805804715	VIPER	-4.1578945805804715	VIPER	-4.1578945805804715	VIPER	-4.1578945805804715	VIPER	-2.6486564460988755	VIPER	-2.6486564460988755	VIPER	-2.6486564460988755	VIPER	-2.6486564460988755	VIPER	NA	NA	NA	NA	NA	NA	NA	NA	NA	NA	NA	NA	NA	NA	NA	NA
STK33	NA	NA	NA	NA	NA	NA	NA	NA	NA	NA	NA	NA	NA	NA	NA	NA	NA	NA	NA	NA	NA	NA	NA	NA	NA	NA	NA	NA	NA	NA	NA	NA	-4.455010762502367	VIPER	-4.455010762502367	VIPER	-4.455010762502367	VIPER	-4.455010762502367	VIPER	-2.719071661110827	VIPER	-2.719071661110827	VIPER	-2.719071661110827	VIPER	-2.719071661110827	VIPER	NA	NA	NA	NA	NA	NA	NA	NA	NA	NA	NA	NA	NA	NA	NA	NA
TSSK2	NA	NA	NA	NA	NA	NA	NA	NA	NA	NA	NA	NA	NA	NA	NA	NA	NA	NA	NA	NA	NA	NA	NA	NA	NA	NA	NA	NA	NA	NA	NA	NA	7.2542671055758285	VIPER	7.2542671055758285	VIPER	7.2542671055758285	VIPER	7.2542671055758285	VIPER	3.2653742289993932	VIPER	3.2653742289993932	VIPER	3.2653742289993932	VIPER	3.2653742289993932	VIPER	NA	NA	NA	NA	NA	NA	NA	NA	NA	NA	NA	NA	NA	NA	NA	NA
TTBK1	NA	NA	NA	NA	NA	NA	NA	NA	NA	NA	NA	NA	NA	NA	NA	NA	NA	NA	NA	NA	NA	NA	NA	NA	NA	NA	NA	NA	NA	NA	NA	NA	4.526989970974631	VIPER	4.526989970974631	VIPER	4.526989970974631	VIPER	4.526989970974631	VIPER	2.7356570966527505	VIPER	2.7356570966527505	VIPER	2.7356570966527505	VIPER	2.7356570966527505	VIPER	NA	NA	NA	NA	NA	NA	NA	NA	NA	NA	NA	NA	NA	NA	NA	NA
VRK1	NA	NA	NA	NA	NA	NA	NA	NA	NA	NA	NA	NA	NA	NA	NA	NA	NA	NA	NA	NA	NA	NA	NA	NA	NA	NA	NA	NA	NA	NA	NA	NA	4.134464651842973	VIPER	4.134464651842973	VIPER	4.134464651842973	VIPER	4.134464651842973	VIPER	2.642962995759049	VIPER	2.642962995759049	VIPER	2.642962995759049	VIPER	2.642962995759049	VIPER	NA	NA	NA	NA	NA	NA	NA	NA	NA	NA	NA	NA	NA	NA	NA	NA
BRAF	NA	NA	NA	NA	NA	NA	NA	NA	NA	NA	NA	NA	NA	NA	NA	NA	NA	NA	NA	NA	NA	NA	NA	NA	NA	NA	NA	NA	NA	NA	NA	NA	-2.26320266723633	PhosphoScore	-2.26320266723633	PhosphoScore	-2.26320266723633	PhosphoScore	-2.26320266723633	PhosphoScore	-2.26320266723633	PhosphoScore	-2.26320266723633	PhosphoScore	-2.26320266723633	PhosphoScore	-2.26320266723633	PhosphoScore	-2.26320266723633	PhosphoScore	-2.26320266723633	PhosphoScore	-2.26320266723633	PhosphoScore	-2.26320266723633	PhosphoScore	-2.26320266723633	PhosphoScore	-2.26320266723633	PhosphoScore	-2.26320266723633	PhosphoScore	-2.26320266723633	PhosphoScore
CCND3	NA	NA	NA	NA	NA	NA	NA	NA	NA	NA	NA	NA	NA	NA	NA	NA	NA	NA	NA	NA	NA	NA	NA	NA	NA	NA	NA	NA	NA	NA	NA	NA	-1.79148101806641	PhosphoScore	NA	NA	-1.79148101806641	PhosphoScore	NA	NA	-1.79148101806641	PhosphoScore	NA	NA	-1.79148101806641	PhosphoScore	NA	NA	-1.79148101806641	PhosphoScore	NA	NA	-1.79148101806641	PhosphoScore	NA	NA	-1.79148101806641	PhosphoScore	NA	NA	-1.79148101806641	PhosphoScore	NA	NA
CDK1	NA	NA	NA	NA	NA	NA	NA	NA	NA	NA	NA	NA	NA	NA	NA	NA	NA	NA	NA	NA	NA	NA	NA	NA	NA	NA	NA	NA	NA	NA	NA	NA	-1.5062567392985	PhosphoScore	-1.5062567392985	PhosphoScore	-1.5062567392985	PhosphoScore	-1.5062567392985	PhosphoScore	-1.5062567392985	PhosphoScore	-1.5062567392985	PhosphoScore	-1.5062567392985	PhosphoScore	-1.5062567392985	PhosphoScore	-1.5062567392985	PhosphoScore	-1.5062567392985	PhosphoScore	-1.5062567392985	PhosphoScore	-1.5062567392985	PhosphoScore	-1.5062567392985	PhosphoScore	-1.5062567392985	PhosphoScore	-1.5062567392985	PhosphoScore	-1.5062567392985	PhosphoScore
EEF2K	NA	NA	NA	NA	NA	NA	NA	NA	NA	NA	NA	NA	NA	NA	NA	NA	NA	NA	NA	NA	NA	NA	NA	NA	NA	NA	NA	NA	NA	NA	NA	NA	-0.832880020141602	PhosphoScore	NA	NA	-0.832880020141602	PhosphoScore	NA	NA	-0.832880020141602	PhosphoScore	NA	NA	-0.832880020141602	PhosphoScore	NA	NA	-0.832880020141602	PhosphoScore	NA	NA	-0.832880020141602	PhosphoScore	NA	NA	-0.832880020141602	PhosphoScore	NA	NA	-0.832880020141602	PhosphoScore	NA	NA
MAP3K3	NA	NA	NA	NA	NA	NA	NA	NA	NA	NA	NA	NA	NA	NA	NA	NA	NA	NA	NA	NA	NA	NA	NA	NA	NA	NA	NA	NA	NA	NA	NA	NA	-2.14999008178711	PhosphoScore	NA	NA	-2.14999008178711	PhosphoScore	NA	NA	-2.14999008178711	PhosphoScore	NA	NA	-2.14999008178711	PhosphoScore	NA	NA	-2.14999008178711	PhosphoScore	NA	NA	-2.14999008178711	PhosphoScore	NA	NA	-2.14999008178711	PhosphoScore	NA	NA	-2.14999008178711	PhosphoScore	NA	NA
MAPK14	NA	NA	NA	NA	NA	NA	NA	NA	NA	NA	NA	NA	NA	NA	NA	NA	NA	NA	NA	NA	NA	NA	NA	NA	NA	NA	NA	NA	NA	NA	NA	NA	2.191669464111325	PhosphoScore	2.191669464111325	PhosphoScore	2.191669464111325	PhosphoScore	2.191669464111325	PhosphoScore	2.191669464111325	PhosphoScore	2.191669464111325	PhosphoScore	2.191669464111325	PhosphoScore	2.191669464111325	PhosphoScore	2.191669464111325	PhosphoScore	2.191669464111325	PhosphoScore	2.191669464111325	PhosphoScore	2.191669464111325	PhosphoScore	2.191669464111325	PhosphoScore	2.191669464111325	PhosphoScore	2.191669464111325	PhosphoScore	2.191669464111325	PhosphoScore
NADK	NA	NA	NA	NA	NA	NA	NA	NA	NA	NA	NA	NA	NA	NA	NA	NA	NA	NA	NA	NA	NA	NA	NA	NA	NA	NA	NA	NA	NA	NA	NA	NA	0.622409820556641	PhosphoScore	0.622409820556641	PhosphoScore	0.622409820556641	PhosphoScore	0.622409820556641	PhosphoScore	0.622409820556641	PhosphoScore	0.622409820556641	PhosphoScore	0.622409820556641	PhosphoScore	0.622409820556641	PhosphoScore	0.622409820556641	PhosphoScore	0.622409820556641	PhosphoScore	0.622409820556641	PhosphoScore	0.622409820556641	PhosphoScore	0.622409820556641	PhosphoScore	0.622409820556641	PhosphoScore	0.622409820556641	PhosphoScore	0.622409820556641	PhosphoScore
PFKFB2	NA	NA	NA	NA	NA	NA	NA	NA	NA	NA	NA	NA	NA	NA	NA	NA	NA	NA	NA	NA	NA	NA	NA	NA	NA	NA	NA	NA	NA	NA	NA	NA	1.85322634379069	PhosphoScore	NA	NA	1.85322634379069	PhosphoScore	NA	NA	1.85322634379069	PhosphoScore	NA	NA	1.85322634379069	PhosphoScore	NA	NA	1.85322634379069	PhosphoScore	NA	NA	1.85322634379069	PhosphoScore	NA	NA	1.85322634379069	PhosphoScore	NA	NA	1.85322634379069	PhosphoScore	NA	NA
PI4KB	NA	NA	NA	NA	NA	NA	NA	NA	NA	NA	NA	NA	NA	NA	NA	NA	NA	NA	NA	NA	NA	NA	NA	NA	NA	NA	NA	NA	NA	NA	NA	NA	-1.79832077026367	PhosphoScore	NA	NA	-1.79832077026367	PhosphoScore	NA	NA	-1.79832077026367	PhosphoScore	NA	NA	-1.79832077026367	PhosphoScore	NA	NA	-1.79832077026367	PhosphoScore	NA	NA	-1.79832077026367	PhosphoScore	NA	NA	-1.79832077026367	PhosphoScore	NA	NA	-1.79832077026367	PhosphoScore	NA	NA
PIK3C2A	NA	NA	NA	NA	NA	NA	NA	NA	NA	NA	NA	NA	NA	NA	NA	NA	NA	NA	NA	NA	NA	NA	NA	NA	NA	NA	NA	NA	NA	NA	NA	NA	-0.497549692789715	PhosphoScore	NA	NA	-0.497549692789715	PhosphoScore	NA	NA	-0.497549692789715	PhosphoScore	NA	NA	-0.497549692789715	PhosphoScore	NA	NA	-0.497549692789715	PhosphoScore	NA	NA	-0.497549692789715	PhosphoScore	NA	NA	-0.497549692789715	PhosphoScore	NA	NA	-0.497549692789715	PhosphoScore	NA	NA
PKN1	NA	NA	NA	NA	NA	NA	NA	NA	NA	NA	NA	NA	NA	NA	NA	NA	NA	NA	NA	NA	NA	NA	NA	NA	NA	NA	NA	NA	NA	NA	NA	NA	-1.273617108662925	PhosphoScore	-1.273617108662925	PhosphoScore	-1.273617108662925	PhosphoScore	-1.273617108662925	PhosphoScore	-1.273617108662925	PhosphoScore	-1.273617108662925	PhosphoScore	-1.273617108662925	PhosphoScore	-1.273617108662925	PhosphoScore	-1.273617108662925	PhosphoScore	-1.273617108662925	PhosphoScore	-1.273617108662925	PhosphoScore	-1.273617108662925	PhosphoScore	-1.273617108662925	PhosphoScore	-1.273617108662925	PhosphoScore	-1.273617108662925	PhosphoScore	-1.273617108662925	PhosphoScore
PRKACA	NA	NA	NA	NA	NA	NA	NA	NA	NA	NA	NA	NA	NA	NA	NA	NA	NA	NA	NA	NA	NA	NA	NA	NA	NA	NA	NA	NA	NA	NA	NA	NA	-1.04531160990397	PhosphoScore	-1.04531160990397	PhosphoScore	-1.04531160990397	PhosphoScore	-1.04531160990397	PhosphoScore	-1.04531160990397	PhosphoScore	-1.04531160990397	PhosphoScore	-1.04531160990397	PhosphoScore	-1.04531160990397	PhosphoScore	-1.04531160990397	PhosphoScore	-1.04531160990397	PhosphoScore	-1.04531160990397	PhosphoScore	-1.04531160990397	PhosphoScore	-1.04531160990397	PhosphoScore	-1.04531160990397	PhosphoScore	-1.04531160990397	PhosphoScore	-1.04531160990397	PhosphoScore
RPS6KA1	NA	NA	NA	NA	NA	NA	NA	NA	NA	NA	NA	NA	NA	NA	NA	NA	NA	NA	NA	NA	NA	NA	NA	NA	NA	NA	NA	NA	NA	NA	NA	NA	0.94603983561198	PhosphoScore	NA	NA	0.94603983561198	PhosphoScore	NA	NA	0.94603983561198	PhosphoScore	NA	NA	0.94603983561198	PhosphoScore	NA	NA	0.94603983561198	PhosphoScore	NA	NA	0.94603983561198	PhosphoScore	NA	NA	0.94603983561198	PhosphoScore	NA	NA	0.94603983561198	PhosphoScore	NA	NA
SQSTM1	NA	NA	NA	NA	NA	NA	NA	NA	NA	NA	NA	NA	NA	NA	NA	NA	NA	NA	NA	NA	NA	NA	NA	NA	NA	NA	NA	NA	NA	NA	NA	NA	1.65709368387858	PhosphoScore	NA	NA	1.65709368387858	PhosphoScore	NA	NA	1.65709368387858	PhosphoScore	NA	NA	1.65709368387858	PhosphoScore	NA	NA	1.65709368387858	PhosphoScore	NA	NA	1.65709368387858	PhosphoScore	NA	NA	1.65709368387858	PhosphoScore	NA	NA	1.65709368387858	PhosphoScore	NA	NA
SRC	NA	NA	NA	NA	NA	NA	NA	NA	NA	NA	NA	NA	NA	NA	NA	NA	NA	NA	NA	NA	NA	NA	NA	NA	NA	NA	NA	NA	NA	NA	NA	NA	1.13880284627279	PhosphoScore	1.13880284627279	PhosphoScore	1.13880284627279	PhosphoScore	1.13880284627279	PhosphoScore	1.13880284627279	PhosphoScore	1.13880284627279	PhosphoScore	1.13880284627279	PhosphoScore	1.13880284627279	PhosphoScore	1.13880284627279	PhosphoScore	1.13880284627279	PhosphoScore	1.13880284627279	PhosphoScore	1.13880284627279	PhosphoScore	1.13880284627279	PhosphoScore	1.13880284627279	PhosphoScore	1.13880284627279	PhosphoScore	1.13880284627279	PhosphoScore
ARAF	NA	NA	NA	NA	NA	NA	NA	NA	NA	NA	NA	NA	NA	NA	NA	NA	NA	NA	NA	NA	NA	NA	NA	NA	NA	NA	NA	NA	NA	NA	NA	NA	NA	NA	0.773946762084961	PhosphoScore	NA	NA	0.773946762084961	PhosphoScore	NA	NA	0.773946762084961	PhosphoScore	NA	NA	0.773946762084961	PhosphoScore	NA	NA	0.773946762084961	PhosphoScore	NA	NA	0.773946762084961	PhosphoScore	NA	NA	0.773946762084961	PhosphoScore	NA	NA	0.773946762084961	PhosphoScore
MAPK3	NA	NA	NA	NA	NA	NA	NA	NA	NA	NA	NA	NA	NA	NA	NA	NA	NA	NA	NA	NA	NA	NA	NA	NA	NA	NA	NA	NA	NA	NA	NA	NA	NA	NA	1.33700370788574	PhosphoScore	NA	NA	1.33700370788574	PhosphoScore	NA	NA	1.33700370788574	PhosphoScore	NA	NA	1.33700370788574	PhosphoScore	NA	NA	1.33700370788574	PhosphoScore	NA	NA	1.33700370788574	PhosphoScore	NA	NA	1.33700370788574	PhosphoScore	NA	NA	1.33700370788574	PhosphoScore
PDPK1	NA	NA	NA	NA	NA	NA	NA	NA	NA	NA	NA	NA	NA	NA	NA	NA	NA	NA	NA	NA	NA	NA	NA	NA	NA	NA	NA	NA	NA	NA	NA	NA	NA	NA	1.14076614379883	PhosphoScore	NA	NA	1.14076614379883	PhosphoScore	NA	NA	1.14076614379883	PhosphoScore	NA	NA	1.14076614379883	PhosphoScore	NA	NA	1.14076614379883	PhosphoScore	NA	NA	1.14076614379883	PhosphoScore	NA	NA	1.14076614379883	PhosphoScore	NA	NA	1.14076614379883	PhosphoScore
ATM	NA	NA	NA	NA	NA	NA	NA	NA	NA	NA	NA	NA	NA	NA	NA	NA	NA	NA	NA	NA	NA	NA	NA	NA	NA	NA	NA	NA	NA	NA	NA	NA	NA	NA	NA	NA	NA	NA	NA	NA	NA	NA	NA	NA	NA	NA	NA	NA	5.427071187005733	VIPER	5.427071187005733	VIPER	5.427071187005733	VIPER	5.427071187005733	VIPER	2.8173312546453895	VIPER	2.8173312546453895	VIPER	2.8173312546453895	VIPER	2.8173312546453895	VIPER
CDK4	NA	NA	NA	NA	NA	NA	NA	NA	NA	NA	NA	NA	NA	NA	NA	NA	NA	NA	NA	NA	NA	NA	NA	NA	NA	NA	NA	NA	NA	NA	NA	NA	NA	NA	NA	NA	NA	NA	NA	NA	NA	NA	NA	NA	NA	NA	NA	NA	-9.15453601734172	VIPER	-9.15453601734172	VIPER	-9.15453601734172	VIPER	-9.15453601734172	VIPER	-3.4253221412451795	VIPER	-3.4253221412451795	VIPER	-3.4253221412451795	VIPER	-3.4253221412451795	VIPER
RPS6KA3	NA	NA	NA	NA	NA	NA	NA	NA	NA	NA	NA	NA	NA	NA	NA	NA	NA	NA	NA	NA	NA	NA	NA	NA	NA	NA	NA	NA	NA	NA	NA	NA	NA	NA	NA	NA	NA	NA	NA	NA	NA	NA	NA	NA	NA	NA	NA	NA	3.5694370933110537	VIPER	3.5694370933110537	VIPER	3.5694370933110537	VIPER	3.5694370933110537	VIPER	2.4010471258111545	VIPER	2.4010471258111545	VIPER	2.4010471258111545	VIPER	2.4010471258111545	VIPER
