conditions	Precision	Recall	RMSE	phenoscore_time	norm_RMSE	norm_time	score
Pheno89	0.8	0.8	100.21880899733819	18.62	0.7600868925051123	0.7483922829581994	0.46571696601578805
Pheno88	0.86	0.6	85.69382767021563	17.53	0.6499254564325623	0.7045819935691319	0.4577835467828717
Pheno78	0.8	0.8	100.63227998740159	18.86	0.7632227697233962	0.7580385852090032	0.45775793767210216
Pheno87	0.86	0.6	85.71731497379936	17.77	0.6501035905749742	0.7142282958199357	0.45278226151505785
Pheno76	0.86	0.6	85.37115546870416	18.05	0.647478222092039	0.7254823151125402	0.449780620351691
Pheno75	0.86	0.6	85.53875514728038	18.18	0.6487493439517813	0.7307073954983923	0.44589695829902265
Pheno90	0.8	0.8	101.59230676615253	19.93	0.7705038757181989	0.8010450160771705	0.42897361624321606
Pheno77	0.8	0.8	104.31540233640413	19.25	0.7911565782467427	0.7737138263665595	0.42198650856997766
Pheno51	0.86	0.6	91.36497873123068	17.79	0.6929370191324192	0.715032154340836	0.4095469036971626
Pheno64	0.86	0.6	92.50983663102124	18.18	0.7016199349654627	0.7307073954983923	0.3930263672853411
Pheno52	0.86	0.6	93.46836759529303	18.32	0.7088896962936243	0.7363344051446946	0.3829431011340283
Pheno93	0.75	0.6	82.84216620128407	17.72	0.628297674920468	0.7122186495176849	0.36559300032068975
Pheno63	0.86	0.6	92.44884120217469	19.61	0.7011573289294019	0.7881832797427653	0.3647510311992155
Pheno94	0.75	0.6	86.23178148277589	18.23	0.6540054454664678	0.7327170418006431	0.3296360336332107
Pheno82	0.75	0.6	87.4886126873256	17.89	0.6635375975068599	0.7190514469453376	0.3269366790204713
Pheno70	0.75	0.6	93.296590979473	17.41	0.7075868953979645	0.69975884244373	0.2925336833801706
Pheno81	0.75	0.6	87.77508665408082	19.7	0.6657102945220517	0.7918006430868167	0.28838938393454017
Pheno69	0.75	0.6	93.37622201116233	17.92	0.7081908389493724	0.7202572347266882	0.28168054368728357
Pheno57	0.75	0.6	93.94159738482207	18.63	0.7124788006120915	0.7487942122186495	0.2631240932785839
Pheno84	0.7	0.7	100.22312990615966	18.85	0.7601196634609015	0.7576366559485531	0.26106200856482187
Pheno58	0.75	0.6	93.76562827883359	19.28	0.7111442027228745	0.77491961414791	0.2513959902031706
Pheno83	0.7	0.7	102.09803224741692	18.99	0.7743394362617801	0.7632636655948553	0.24402873094079203
Pheno95	0.7	0.7	105.52319828415293	18.45	0.8003168334711789	0.7415594855305466	0.22890342376354766
Pheno60	0.7	0.7	105.74725444163101	19.53	0.8020161367276034	0.7849678456591641	0.2054999404428144
Pheno96	0.7	0.7	102.94918237248653	20.67	0.7807947918990307	0.8307877813504824	0.2038113174257281
Pheno80	0.8	0.4	84.85426377891449	17.99	0.6435579739651192	0.7230707395498392	0.1949066562599615
Pheno66	0.7	0.7	108.54827874755699	20.09	0.8232598721284013	0.807475884244373	0.17300218574941217
Pheno79	0.8	0.4	89.2992368210907	17.81	0.6772698667794356	0.7158360128617363	0.16481212678969648
Pheno53	0.7	0.7	108.02756526593625	20.9	0.8193106384856313	0.840032154340836	0.16067328434395067
Pheno65	0.7	0.7	111.2095045901719	19.74	0.8434433376994319	0.7934083601286174	0.15985248223625925
Pheno59	0.7	0.7	112.35731319051223	20.11	0.8521486324534985	0.8082797427652734	0.1437114961638648
Pheno47	0.67	0.6	96.47305304368327	19.88	0.7316780535717768	0.7990353697749196	0.13880426154076342
Pheno72	0.7	0.7	115.5054610581126	19.3	0.8760250480063366	0.7757234726688104	0.13611321565925816
Pheno54	0.7	0.7	114.71969038677042	19.75	0.8700655480504152	0.7938102893890675	0.1330293072550508
Pheno91	0.8	0.4	95.84714488766434	16.98	0.7269309947106536	0.682475884244373	0.13183106316715998
Pheno48	0.67	0.6	97.10538273241602	20.72	0.736473815095548	0.8327974276527331	0.11712747107808541
Pheno71	0.7	0.7	117.68544325937934	19.68	0.8925586300120987	0.7909967845659164	0.11194297770494299
Pheno68	0.8	0.4	96.9026586474164	18.5	0.7349363001186199	0.7435691318327975	0.09327913396498166
Pheno35	0.67	0.6	96.81769867180117	22.88	0.7342919403971387	0.9196141479099679	0.0759009856478774
Pheno55	0.8	0.4	100.76216701949863	18.35	0.7642078685445763	0.7375401929260451	0.06702203499240134
Pheno67	0.8	0.4	100.8854748108572	18.92	0.7651430686022611	0.7604501607717042	0.054631851011886834
Pheno4	0.71	0.5	99.89226676959274	20.05	0.757610306825818	0.8058681672025724	0.04945560957289574
Pheno36	0.67	0.6	97.12441252301225	24.32	0.7366181422387661	0.977491961414791	0.044635877053838424
Pheno3	0.71	0.5	99.16733556175355	20.62	0.7521122300220805	0.8287781350482316	0.043498702453803606
Pheno16	0.71	0.5	100.18964867017957	20.39	0.7598657325983426	0.8195337620578779	0.04036738637271853
Pheno92	0.8	0.4	108.43686049672473	16.98	0.8224148456020365	0.682475884244373	0.036347212275777085
Pheno15	0.71	0.5	99.8097738760181	21	0.7569846581301468	0.8440514469453376	0.030989618397184282
Pheno18	0.6	0.6	100.79463055329794	22.59	0.764454080875097	0.9079581993569132	-0.018433180553553585
Pheno17	0.6	0.6	100.8639504097106	23.08	0.7649798216494761	0.927652733118971	-0.028806188208961636
Pheno5	0.6	0.6	101.21019158535638	24.05	0.7676058095442325	0.9666398713826367	-0.050925745235550934
Pheno73	0.75	0.3	99.91919639613852	17.34	0.7578145484882594	0.6969453376205788	-0.056287217298548686
Pheno6	0.6	0.6	101.32267158346149	24.88	0.7684588886526758	1	-0.0684588886526758
Pheno46	0.56	0.5	99.0011931830943	19.43	0.7508521607239923	0.7809485530546624	-0.08132643725132338
Pheno45	0.56	0.5	99.00430629139565	19.96	0.750875771389879	0.802250803858521	-0.09200117331913948
Pheno86	0.75	0.3	104.19426159955715	17.67	0.7902378137239249	0.7102090032154342	-0.09534231533164195
Pheno20	0.75	0.3	95.58509063202078	21.02	0.7249435034719067	0.844855305466238	-0.09737115620502568
Pheno34	0.56	0.5	98.44924074746315	21.03	0.7466660022991735	0.8452572347266882	-0.10929461966251752
Pheno61	0.75	0.3	105.29657036150954	18.56	0.7985980252434591	0.7459807073954984	-0.12158837894120822
Pheno33	0.56	0.5	98.66258751197998	21.62	0.7482840825865966	0.8689710610932476	-0.12276961313322032
Pheno22	0.56	0.5	101.76787012501805	20.45	0.7718353963101208	0.8219453376205788	-0.12280806512040998
Pheno8	0.75	0.3	98.15595339159907	21.4	0.7444416306751235	0.860128617363344	-0.12450593935679533
Pheno74	0.75	0.3	110.29375778971016	17.1	0.8364980631861123	0.687299035369775	-0.13014758087099976
Pheno7	0.75	0.3	96.58580135891835	22.59	0.7325331676708128	0.9079581993569132	-0.13651226734926936
Pheno10	0.56	0.5	102.68197279836951	20.96	0.7787682013131895	0.842443729903537	-0.13999006626495802
Pheno21	0.56	0.5	103.7725669373344	20.76	0.7870395659239197	0.8344051446945339	-0.14424213827118648
Pheno49	0.75	0.3	109.01165248226056	18.65	0.8267742254279768	0.7495980707395498	-0.15157326079775157
Pheno19	0.75	0.3	97.17706631581693	23.79	0.737017483022716	0.9561897106109325	-0.16511233832818228
Pheno11	0.56	0.5	100.93743098659891	23.1	0.7655371184673618	0.9284565916398715	-0.16976541428729752
Pheno56	0.8	0.4	131.85177903415052	18.43	1	0.7407556270096464	-0.17037781350482306
Pheno9	0.56	0.5	101.0610693183119	23.5	0.7664748254336134	0.9445337620578779	-0.17874170646255227
Pheno85	0.75	0.3	116.11415864733563	17.34	0.8806415772157405	0.6969453376205788	-0.17911424602602977
Pheno42	0.5	0.5	98.34312120537074	22.23	0.7458611626309508	0.8934887459807075	-0.19260553562130456
Pheno41	0.5	0.5	98.14304191455953	22.34	0.7443437064974285	0.8979099678456592	-0.19329869042025827
Pheno24	0.5	0.5	100.84216113453078	21.68	0.764814565819487	0.8713826366559486	-0.2005058841474614
Pheno30	0.5	0.5	97.81338046605089	22.95	0.741843463793663	0.922427652733119	-0.20305729016022234
Pheno23	0.5	0.5	101.06130679260521	22.1	0.7664766265036866	0.8882636655948554	-0.21060845930111438
Pheno62	0.75	0.3	121.17345743267134	17.1	0.9190126847001934	0.687299035369775	-0.21266220238508082
Pheno29	0.5	0.5	97.67929253756708	23.75	0.7408265042238639	0.9545819935691319	-0.21811750100842975
Pheno50	0.75	0.3	119.93823383423704	18.22	0.9096444106618554	0.7323151125401929	-0.22580196693195176
Pheno14	0.67	0.2	91.7601444965897	21.5	0.6959340645136323	0.8641479099678457	-0.2580080194975549
Pheno12	0.5	0.5	101.04482007370258	24.58	0.7663515867126167	0.9879421221864951	-0.2603226478058642
Pheno13	0.67	0.2	96.14195963347359	20.3	0.7291669504783258	0.8159163987138264	-0.26712514983523894
Pheno2	0.67	0.2	98.9721061507563	19.89	0.750631556705214	0.7994372990353699	-0.28035020622289886
Pheno1	0.67	0.2	97.34926595962268	22.9	0.7383234922784664	0.9204180064308681	-0.3285324954939004
Pheno39	0.43	0.3	100.36088127489747	20.53	0.7611644075648255	0.8251607717041801	-0.44374479341691564
Pheno40	0.43	0.3	101.42804109711123	20.42	0.7692580398997928	0.8207395498392284	-0.44962781481940706
Pheno28	0.43	0.3	101.55936384130719	21.37	0.770254027554703	0.8589228295819936	-0.46971544234569973
Pheno27	0.43	0.3	101.50099104205964	21.94	0.769811312259732	0.8818327974276529	-0.4807277109735584
Pheno31	0	0	106.94375569132498	20.18	0.8110907298689221	0.8110932475884245	-1.2166373536631343
Pheno43	0	0	107.27014366705114	20.24	0.8135661456586599	0.8135048231511254	-1.2203185572342226
Pheno37	0	0	108.14802185029113	19.94	0.8202242142085928	0.8014469453376206	-1.2209476868774032
Pheno32	0	0	107.34152544016028	20.74	0.8141075245739239	0.8336012861736334	-1.2309081676607405
Pheno44	0	0	107.95166452886848	20.52	0.8187349865101801	0.8247588424437299	-1.231114407732045
Pheno38	0	0	108.51359817619799	20.37	0.8229968451778888	0.8187299035369776	-1.2323617969463776
Pheno26	0	0	107.7393792505524	20.96	0.817124956824793	0.842443729903537	-1.2383468217765614
Pheno25	0	0	107.2825360534637	21.32	0.8136601329108861	0.8569131832797429	-1.2421167245507576
